/*
Navicat MySQL Data Transfer

Source Server         : 172.16.1.88
Source Server Version : 50171
Source Host           : 172.16.1.88:13306
Source Database       : gmtools

Target Server Type    : MYSQL
Target Server Version : 50171
File Encoding         : 65001

Date: 2017-01-14 13:52:12
*/

SET FOREIGN_KEY_CHECKS=0;

-- ----------------------------
-- Table structure for `activities`
-- ----------------------------
DROP TABLE IF EXISTS `activities`;
CREATE TABLE `activities` (
  `id` int(11) NOT NULL,
  `name` text,
  `desc` text,
  `type` int(4) DEFAULT NULL,
  `category` tinyint(4) DEFAULT NULL,
  `position` int(11) DEFAULT NULL,
  `icon` varchar(64) DEFAULT NULL,
  `items` varchar(256) DEFAULT NULL,
  `order` int(11) DEFAULT NULL,
  `create_time` datetime DEFAULT NULL
) ENGINE=MyISAM AUTO_INCREMENT=16 DEFAULT CHARSET=utf8;

-- ----------------------------
-- Records of activities
-- ----------------------------

-- ----------------------------
-- Table structure for `activity_awards`
-- ----------------------------
DROP TABLE IF EXISTS `activity_awards`;
CREATE TABLE `activity_awards` (
  `id` int(11) NOT NULL AUTO_INCREMENT,
  `content_id` int(11) DEFAULT NULL,
  `item_id` int(11) DEFAULT NULL,
  `number` int(11) DEFAULT NULL,
  `order` int(11) DEFAULT NULL,
  `params` text,
  PRIMARY KEY (`id`)
) ENGINE=MyISAM AUTO_INCREMENT=918 DEFAULT CHARSET=utf8;

-- ----------------------------
-- Records of activity_awards
-- ----------------------------

-- ----------------------------
-- Table structure for `activity_items`
-- ----------------------------
DROP TABLE IF EXISTS `activity_items`;
CREATE TABLE `activity_items` (
  `id` int(11) NOT NULL AUTO_INCREMENT,
  `activity_id` int(11) NOT NULL,
  `key` int(11) DEFAULT NULL,
  `category` varchar(32) DEFAULT NULL,
  `name` varchar(256) DEFAULT NULL,
  `params` text,
  `rewards` varchar(256) DEFAULT NULL,
  PRIMARY KEY (`id`)
) ENGINE=MyISAM AUTO_INCREMENT=622 DEFAULT CHARSET=utf8;

-- ----------------------------
-- Records of activity_items
-- ----------------------------

-- ----------------------------
-- Table structure for `activity_position`
-- ----------------------------
DROP TABLE IF EXISTS `activity_position`;
CREATE TABLE `activity_position` (
  `id` int(11) NOT NULL,
  `activity_position` varchar(128) NOT NULL
) ENGINE=MyISAM DEFAULT CHARSET=utf8;

-- ----------------------------
-- Records of activity_position
-- ----------------------------
INSERT INTO `activity_position` VALUES ('0', '单独活动');
INSERT INTO `activity_position` VALUES ('1', '开服活动');
INSERT INTO `activity_position` VALUES ('2', '热卖活动');
INSERT INTO `activity_position` VALUES ('3', '节日活动');
INSERT INTO `activity_position` VALUES ('4', '礼包活动');
INSERT INTO `activity_position` VALUES ('5', '兑换活动');
INSERT INTO `activity_position` VALUES ('6', '大富翁');
INSERT INTO `activity_position` VALUES ('7', '转盘活动');
INSERT INTO `activity_position` VALUES ('8', '合服活动');
INSERT INTO `activity_position` VALUES ('9', '连续充值');
INSERT INTO `activity_position` VALUES ('10', '冲榜活动');
INSERT INTO `activity_position` VALUES ('11', '女神大作战');
INSERT INTO `activity_position` VALUES ('12', '分享福袋');
INSERT INTO `activity_position` VALUES ('13', '每日首充');


-- ----------------------------
-- Table structure for `activity_relation`
-- ----------------------------
DROP TABLE IF EXISTS `activity_relation`;
CREATE TABLE `activity_relation` (
  `id` int(11) NOT NULL AUTO_INCREMENT,
  `good_id` int(11) DEFAULT NULL,
  `activity_id` int(11) DEFAULT NULL,
  `name` varchar(64) DEFAULT NULL,
  `state` tinyint(4) DEFAULT NULL,
  `level` int(11) DEFAULT NULL,
  `show_start` varchar(256) DEFAULT NULL,
  `show_end` varchar(256) DEFAULT NULL,
  `start_time` varchar(256) DEFAULT NULL,
  `end_time` varchar(256) DEFAULT NULL,
  `version` varchar(64) DEFAULT NULL,
  `order` int(11) DEFAULT NULL,
  PRIMARY KEY (`id`)
) ENGINE=MyISAM AUTO_INCREMENT=416 DEFAULT CHARSET=utf8;

-- ----------------------------
-- Records of activity_relation
-- ----------------------------

-- ----------------------------
-- Table structure for `activity_type`
-- ----------------------------
DROP TABLE IF EXISTS `activity_type`;
CREATE TABLE `activity_type` (
  `activity_id` int(11) NOT NULL,
  `activity_name` varchar(128) NOT NULL
) ENGINE=MyISAM DEFAULT CHARSET=utf8;

-- ----------------------------
-- Records of activity_type
-- ----------------------------
INSERT INTO `activity_type` VALUES ('101', '首充活动');
INSERT INTO `activity_type` VALUES ('102', '首充后连充');
INSERT INTO `activity_type` VALUES ('103', '每日累充');
INSERT INTO `activity_type` VALUES ('104', '开服累充活动1');
INSERT INTO `activity_type` VALUES ('105', '开服累充活动2');
INSERT INTO `activity_type` VALUES ('106', '连充活动1档');
INSERT INTO `activity_type` VALUES ('107', '连充活动2档');
INSERT INTO `activity_type` VALUES ('108', '连充活动3档');
INSERT INTO `activity_type` VALUES ('109', '限购活动');
INSERT INTO `activity_type` VALUES ('110', '道具兑换');
INSERT INTO `activity_type` VALUES ('111', '特惠礼包');
INSERT INTO `activity_type` VALUES ('112', '超值礼包');
INSERT INTO `activity_type` VALUES ('113', '霸权礼包');
INSERT INTO `activity_type` VALUES ('114', '充值转盘');
INSERT INTO `activity_type` VALUES ('115', '每日转盘');
INSERT INTO `activity_type` VALUES ('116', '大富翁活动');
INSERT INTO `activity_type` VALUES ('117', '每日累充1');
INSERT INTO `activity_type` VALUES ('201', '总战力排行');
INSERT INTO `activity_type` VALUES ('202', '神兵战力冲榜');
INSERT INTO `activity_type` VALUES ('203', '宠物战力冲榜');
INSERT INTO `activity_type` VALUES ('204', '时装战力冲榜');
INSERT INTO `activity_type` VALUES ('205', '翅膀战力冲榜');
INSERT INTO `activity_type` VALUES ('206', '法阵战力冲榜');
INSERT INTO `activity_type` VALUES ('207', '法宝战力冲榜');
INSERT INTO `activity_type` VALUES ('208', '经脉战力冲榜');
INSERT INTO `activity_type` VALUES ('209', '内功战力冲榜');
INSERT INTO `activity_type` VALUES ('210', '装备战力冲榜');
INSERT INTO `activity_type` VALUES ('301', '总战力目标');
INSERT INTO `activity_type` VALUES ('302', '神兵战力目标');
INSERT INTO `activity_type` VALUES ('303', '宠物战力目标');
INSERT INTO `activity_type` VALUES ('304', '时装战力目标');
INSERT INTO `activity_type` VALUES ('305', '翅膀战力目标');
INSERT INTO `activity_type` VALUES ('306', '法阵战力目标');
INSERT INTO `activity_type` VALUES ('307', '法宝战力目标');
INSERT INTO `activity_type` VALUES ('308', '经脉战力目标');
INSERT INTO `activity_type` VALUES ('309', '内功战力目标');
INSERT INTO `activity_type` VALUES ('310', '装备战力目标');
INSERT INTO `activity_type` VALUES ('401', '每日消耗');
INSERT INTO `activity_type` VALUES ('402', '元宝消耗冲榜');
INSERT INTO `activity_type` VALUES ('403', '神兵消耗冲榜');
INSERT INTO `activity_type` VALUES ('404', '宠物消耗冲榜');
INSERT INTO `activity_type` VALUES ('405', '时装消耗冲榜');
INSERT INTO `activity_type` VALUES ('406', '翅膀消耗冲榜');
INSERT INTO `activity_type` VALUES ('407', '法阵消耗冲榜');
INSERT INTO `activity_type` VALUES ('408', '法宝消耗冲榜');
INSERT INTO `activity_type` VALUES ('409', '经脉消耗冲榜');
INSERT INTO `activity_type` VALUES ('410', '内功消耗冲榜');
INSERT INTO `activity_type` VALUES ('411', '神兵每日消耗');
INSERT INTO `activity_type` VALUES ('412', '宠物每日消耗');
INSERT INTO `activity_type` VALUES ('413', '时装每日消耗');
INSERT INTO `activity_type` VALUES ('414', '翅膀每日消耗');
INSERT INTO `activity_type` VALUES ('415', '法阵每日消耗');
INSERT INTO `activity_type` VALUES ('416', '法宝每日消耗');
INSERT INTO `activity_type` VALUES ('417', '经脉每日消耗');
INSERT INTO `activity_type` VALUES ('418', '内功每日消耗');
INSERT INTO `activity_type` VALUES ('501', '女神大作战');
INSERT INTO `activity_type` VALUES ('502', '分享福袋');
INSERT INTO `activity_type` VALUES ('503', '掉落活动');
INSERT INTO `activity_type` VALUES ('504', '每日首充活动');


-- ----------------------------
-- Table structure for `activity_type_field`
-- ----------------------------
DROP TABLE IF EXISTS `activity_type_field`;
CREATE TABLE `activity_type_field` (
  `activity_type` int(11) NOT NULL,
  `type_key` varchar(32) DEFAULT 'default',
  `key_name` varchar(64) DEFAULT NULL,
  `key_order` tinyint(4) DEFAULT '1',
  `type_field` varchar(32) DEFAULT NULL,
  `type_name` varchar(128) DEFAULT '',
  `id` int(11) NOT NULL AUTO_INCREMENT,
  `enum` text,
  PRIMARY KEY (`id`)
) ENGINE=MyISAM AUTO_INCREMENT=213 DEFAULT CHARSET=utf8;

-- ----------------------------
-- Records of activity_type_field
-- ----------------------------
INSERT INTO `activity_type_field` VALUES ('101', 'default', '默认', '1', 'amount', '充值额度', '1', null);
INSERT INTO `activity_type_field` VALUES ('101', 'default', '默认', '1', 'modeltype', '外显类型', '2', '{\"1\":\"神兵\",\"2\":\"其他\"}');
INSERT INTO `activity_type_field` VALUES ('101', 'default', '默认', '1', 'modelid', '外显索引', '3', null);
INSERT INTO `activity_type_field` VALUES ('101', 'default', '默认', '1', 'fight', '提升战力值', '4', null);
INSERT INTO `activity_type_field` VALUES ('102', 'default', '默认', '1', 'amount', '充值额度', '5', null);
INSERT INTO `activity_type_field` VALUES ('102', 'default', '默认', '1', 'modeltype', '外显类型', '6', '{\"1\":\"神兵\",\"2\":\"其他\"}');
INSERT INTO `activity_type_field` VALUES ('102', 'default', '默认', '1', 'modelid', '外显索引', '7', null);
INSERT INTO `activity_type_field` VALUES ('102', 'default', '默认', '1', 'fight', '提升战力值', '8', null);
INSERT INTO `activity_type_field` VALUES ('102', 'default', '默认', '1', 'picture', '显示图片', '9', '');
INSERT INTO `activity_type_field` VALUES ('201', 'rank', '排行', '2', 'rank_max', '排名上限', '10', null);
INSERT INTO `activity_type_field` VALUES ('201', 'rank', '排行', '2', 'rank_min', '排名下限', '11', null);
INSERT INTO `activity_type_field` VALUES ('201', 'aim', '目标', '1', 'score', '战力需求', '12', null);
INSERT INTO `activity_type_field` VALUES ('201', 'aim', '目标', '1', 'type1', '跳转活动1', '13', '{\"23\":\"每日累冲\",\"32\":\"超值礼包\",\"29\":\"每日限购\",\"31\":\"特惠礼包\",\"37\":\"每日消耗\"}');
INSERT INTO `activity_type_field` VALUES ('201', 'aim', '目标', '1', 'type2', '跳转活动2', '14', '{\"23\":\"每日累冲\",\"32\":\"超值礼包\",\"29\":\"每日限购\",\"31\":\"特惠礼包\",\"37\":\"每日消耗\"}');
INSERT INTO `activity_type_field` VALUES ('201', 'aim', '目标', '1', 'type3', '跳转活动3', '15', '{\"23\":\"每日累冲\",\"32\":\"超值礼包\",\"29\":\"每日限购\",\"31\":\"特惠礼包\",\"37\":\"每日消耗\"}');
INSERT INTO `activity_type_field` VALUES ('202', 'rank', '排行', '2', 'rank_max', '排名上限', '16', null);
INSERT INTO `activity_type_field` VALUES ('202', 'rank', '排行', '2', 'rank_min', '排名下限', '17', null);
INSERT INTO `activity_type_field` VALUES ('202', 'aim', '目标', '1', 'score', '战力需求', '18', null);
INSERT INTO `activity_type_field` VALUES ('202', 'aim', '目标', '1', 'type1', '跳转活动1', '19', '{\"23\":\"每日累冲\",\"32\":\"超值礼包\",\"29\":\"每日限购\",\"31\":\"特惠礼包\",\"37\":\"每日消耗\"}');
INSERT INTO `activity_type_field` VALUES ('202', 'aim', '目标', '1', 'type2', '跳转活动2', '20', '{\"23\":\"每日累冲\",\"32\":\"超值礼包\",\"29\":\"每日限购\",\"31\":\"特惠礼包\",\"37\":\"每日消耗\"}');
INSERT INTO `activity_type_field` VALUES ('202', 'aim', '目标', '1', 'type3', '跳转活动3', '21', '{\"23\":\"每日累冲\",\"32\":\"超值礼包\",\"29\":\"每日限购\",\"31\":\"特惠礼包\",\"37\":\"每日消耗\"}');
INSERT INTO `activity_type_field` VALUES ('203', 'rank', '排行', '2', 'rank_max', '排名上限', '22', null);
INSERT INTO `activity_type_field` VALUES ('203', 'rank', '排行', '2', 'rank_min', '排名下限', '23', null);
INSERT INTO `activity_type_field` VALUES ('203', 'aim', '目标', '1', 'score', '战力需求', '24', null);
INSERT INTO `activity_type_field` VALUES ('203', 'aim', '目标', '1', 'type1', '跳转活动1', '25', '{\"23\":\"每日累冲\",\"32\":\"超值礼包\",\"29\":\"每日限购\",\"31\":\"特惠礼包\",\"37\":\"每日消耗\"}');
INSERT INTO `activity_type_field` VALUES ('203', 'aim', '目标', '1', 'type2', '跳转活动2', '26', '{\"23\":\"每日累冲\",\"32\":\"超值礼包\",\"29\":\"每日限购\",\"31\":\"特惠礼包\",\"37\":\"每日消耗\"}');
INSERT INTO `activity_type_field` VALUES ('203', 'aim', '目标', '1', 'type3', '跳转活动3', '27', '{\"23\":\"每日累冲\",\"32\":\"超值礼包\",\"29\":\"每日限购\",\"31\":\"特惠礼包\",\"37\":\"每日消耗\"}');
INSERT INTO `activity_type_field` VALUES ('204', 'rank', '排行', '2', 'rank_max', '排名上限', '28', null);
INSERT INTO `activity_type_field` VALUES ('204', 'rank', '排行', '2', 'rank_min', '排名下限', '29', null);
INSERT INTO `activity_type_field` VALUES ('204', 'aim', '目标', '1', 'score', '战力需求', '30', null);
INSERT INTO `activity_type_field` VALUES ('204', 'aim', '目标', '1', 'type1', '跳转活动1', '31', '{\"23\":\"每日累冲\",\"32\":\"超值礼包\",\"29\":\"每日限购\",\"31\":\"特惠礼包\",\"37\":\"每日消耗\"}');
INSERT INTO `activity_type_field` VALUES ('204', 'aim', '目标', '1', 'type2', '跳转活动2', '32', '{\"23\":\"每日累冲\",\"32\":\"超值礼包\",\"29\":\"每日限购\",\"31\":\"特惠礼包\",\"37\":\"每日消耗\"}');
INSERT INTO `activity_type_field` VALUES ('204', 'aim', '目标', '1', 'type3', '跳转活动3', '33', '{\"23\":\"每日累冲\",\"32\":\"超值礼包\",\"29\":\"每日限购\",\"31\":\"特惠礼包\",\"37\":\"每日消耗\"}');
INSERT INTO `activity_type_field` VALUES ('205', 'rank', '排行', '2', 'rank_max', '排名上限', '34', null);
INSERT INTO `activity_type_field` VALUES ('205', 'rank', '排行', '2', 'rank_min', '排名下限', '35', null);
INSERT INTO `activity_type_field` VALUES ('205', 'aim', '目标', '1', 'score', '战力需求', '36', null);
INSERT INTO `activity_type_field` VALUES ('205', 'aim', '目标', '1', 'type1', '跳转活动1', '37', '{\"23\":\"每日累冲\",\"32\":\"超值礼包\",\"29\":\"每日限购\",\"31\":\"特惠礼包\",\"37\":\"每日消耗\"}');
INSERT INTO `activity_type_field` VALUES ('205', 'aim', '目标', '1', 'type2', '跳转活动2', '38', '{\"23\":\"每日累冲\",\"32\":\"超值礼包\",\"29\":\"每日限购\",\"31\":\"特惠礼包\",\"37\":\"每日消耗\"}');
INSERT INTO `activity_type_field` VALUES ('205', 'aim', '目标', '1', 'type3', '跳转活动3', '39', '{\"23\":\"每日累冲\",\"32\":\"超值礼包\",\"29\":\"每日限购\",\"31\":\"特惠礼包\",\"37\":\"每日消耗\"}');
INSERT INTO `activity_type_field` VALUES ('206', 'rank', '排行', '2', 'rank_max', '排名上限', '40', null);
INSERT INTO `activity_type_field` VALUES ('206', 'rank', '排行', '2', 'rank_min', '排名下限', '41', null);
INSERT INTO `activity_type_field` VALUES ('206', 'aim', '目标', '1', 'score', '战力需求', '42', null);
INSERT INTO `activity_type_field` VALUES ('206', 'aim', '目标', '1', 'type1', '跳转活动1', '43', '{\"23\":\"每日累冲\",\"32\":\"超值礼包\",\"29\":\"每日限购\",\"31\":\"特惠礼包\",\"37\":\"每日消耗\"}');
INSERT INTO `activity_type_field` VALUES ('206', 'aim', '目标', '1', 'type2', '跳转活动2', '44', '{\"23\":\"每日累冲\",\"32\":\"超值礼包\",\"29\":\"每日限购\",\"31\":\"特惠礼包\",\"37\":\"每日消耗\"}');
INSERT INTO `activity_type_field` VALUES ('206', 'aim', '目标', '1', 'type3', '跳转活动3', '45', '{\"23\":\"每日累冲\",\"32\":\"超值礼包\",\"29\":\"每日限购\",\"31\":\"特惠礼包\",\"37\":\"每日消耗\"}');
INSERT INTO `activity_type_field` VALUES ('207', 'rank', '排行', '2', 'rank_max', '排名上限', '46', null);
INSERT INTO `activity_type_field` VALUES ('207', 'rank', '排行', '2', 'rank_min', '排名下限', '47', null);
INSERT INTO `activity_type_field` VALUES ('207', 'aim', '目标', '1', 'score', '战力需求', '48', null);
INSERT INTO `activity_type_field` VALUES ('207', 'aim', '目标', '1', 'type1', '跳转活动1', '49', '{\"23\":\"每日累冲\",\"32\":\"超值礼包\",\"29\":\"每日限购\",\"31\":\"特惠礼包\",\"37\":\"每日消耗\"}');
INSERT INTO `activity_type_field` VALUES ('207', 'aim', '目标', '1', 'type2', '跳转活动2', '50', '{\"23\":\"每日累冲\",\"32\":\"超值礼包\",\"29\":\"每日限购\",\"31\":\"特惠礼包\",\"37\":\"每日消耗\"}');
INSERT INTO `activity_type_field` VALUES ('207', 'aim', '目标', '1', 'type3', '跳转活动3', '51', '{\"23\":\"每日累冲\",\"32\":\"超值礼包\",\"29\":\"每日限购\",\"31\":\"特惠礼包\",\"37\":\"每日消耗\"}');
INSERT INTO `activity_type_field` VALUES ('208', 'rank', '排行', '2', 'rank_max', '排名上限', '52', null);
INSERT INTO `activity_type_field` VALUES ('208', 'rank', '排行', '2', 'rank_min', '排名下限', '53', null);
INSERT INTO `activity_type_field` VALUES ('208', 'aim', '目标', '1', 'score', '战力需求', '54', null);
INSERT INTO `activity_type_field` VALUES ('208', 'aim', '目标', '1', 'type1', '跳转活动1', '55', '{\"23\":\"每日累冲\",\"32\":\"超值礼包\",\"29\":\"每日限购\",\"31\":\"特惠礼包\",\"37\":\"每日消耗\"}');
INSERT INTO `activity_type_field` VALUES ('208', 'aim', '目标', '1', 'type2', '跳转活动2', '56', '{\"23\":\"每日累冲\",\"32\":\"超值礼包\",\"29\":\"每日限购\",\"31\":\"特惠礼包\",\"37\":\"每日消耗\"}');
INSERT INTO `activity_type_field` VALUES ('208', 'aim', '目标', '1', 'type3', '跳转活动3', '57', '{\"23\":\"每日累冲\",\"32\":\"超值礼包\",\"29\":\"每日限购\",\"31\":\"特惠礼包\",\"37\":\"每日消耗\"}');
INSERT INTO `activity_type_field` VALUES ('209', 'rank', '排行', '2', 'rank_max', '排名上限', '58', null);
INSERT INTO `activity_type_field` VALUES ('209', 'rank', '排行', '2', 'rank_min', '排名下限', '59', null);
INSERT INTO `activity_type_field` VALUES ('209', 'aim', '目标', '1', 'score', '战力需求', '60', null);
INSERT INTO `activity_type_field` VALUES ('209', 'aim', '目标', '1', 'type1', '跳转活动1', '61', '{\"23\":\"每日累冲\",\"32\":\"超值礼包\",\"29\":\"每日限购\",\"31\":\"特惠礼包\",\"37\":\"每日消耗\"}');
INSERT INTO `activity_type_field` VALUES ('209', 'aim', '目标', '1', 'type2', '跳转活动2', '62', '{\"23\":\"每日累冲\",\"32\":\"超值礼包\",\"29\":\"每日限购\",\"31\":\"特惠礼包\",\"37\":\"每日消耗\"}');
INSERT INTO `activity_type_field` VALUES ('209', 'aim', '目标', '1', 'type3', '跳转活动3', '63', '{\"23\":\"每日累冲\",\"32\":\"超值礼包\",\"29\":\"每日限购\",\"31\":\"特惠礼包\",\"37\":\"每日消耗\"}');
INSERT INTO `activity_type_field` VALUES ('210', 'rank', '排行', '2', 'rank_max', '排名上限', '64', null);
INSERT INTO `activity_type_field` VALUES ('210', 'rank', '排行', '2', 'rank_min', '排名下限', '65', null);
INSERT INTO `activity_type_field` VALUES ('210', 'aim', '目标', '1', 'score', '战力需求', '66', null);
INSERT INTO `activity_type_field` VALUES ('210', 'aim', '目标', '1', 'type1', '跳转活动1', '67', '{\"23\":\"每日累冲\",\"32\":\"超值礼包\",\"29\":\"每日限购\",\"31\":\"特惠礼包\",\"37\":\"每日消耗\"}');
INSERT INTO `activity_type_field` VALUES ('210', 'aim', '目标', '1', 'type2', '跳转活动2', '68', '{\"23\":\"每日累冲\",\"32\":\"超值礼包\",\"29\":\"每日限购\",\"31\":\"特惠礼包\",\"37\":\"每日消耗\"}');
INSERT INTO `activity_type_field` VALUES ('210', 'aim', '目标', '1', 'type3', '跳转活动3', '69', '{\"23\":\"每日累冲\",\"32\":\"超值礼包\",\"29\":\"每日限购\",\"31\":\"特惠礼包\",\"37\":\"每日消耗\"}');
INSERT INTO `activity_type_field` VALUES ('301', 'default', '默认', '1', 'score', '战力需求', '70', null);
INSERT INTO `activity_type_field` VALUES ('302', 'default', '默认', '1', 'score', '战力需求', '71', null);
INSERT INTO `activity_type_field` VALUES ('303', 'default', '默认', '1', 'score', '战力需求', '72', null);
INSERT INTO `activity_type_field` VALUES ('304', 'default', '默认', '1', 'score', '战力需求', '73', null);
INSERT INTO `activity_type_field` VALUES ('305', 'default', '默认', '1', 'score', '战力需求', '74', null);
INSERT INTO `activity_type_field` VALUES ('306', 'default', '默认', '1', 'score', '战力需求', '75', null);
INSERT INTO `activity_type_field` VALUES ('307', 'default', '默认', '1', 'score', '战力需求', '76', null);
INSERT INTO `activity_type_field` VALUES ('308', 'default', '默认', '1', 'score', '战力需求', '77', null);
INSERT INTO `activity_type_field` VALUES ('309', 'default', '默认', '1', 'score', '战力需求', '78', null);
INSERT INTO `activity_type_field` VALUES ('310', 'default', '默认', '1', 'score', '战力需求', '79', null);
INSERT INTO `activity_type_field` VALUES ('103', 'default', '默认', '1', 'amount', '充值额度', '80', null);
INSERT INTO `activity_type_field` VALUES ('103', 'default', '默认', '1', 'cycle', '领取次数', '81', null);
INSERT INTO `activity_type_field` VALUES ('104', 'default', '默认', '1', 'amount', '充值额度', '82', null);
INSERT INTO `activity_type_field` VALUES ('104', 'default', '默认', '1', 'cycle', '领取次数', '83', null);
INSERT INTO `activity_type_field` VALUES ('105', 'default', '默认', '1', 'amount', '充值额度', '84', null);
INSERT INTO `activity_type_field` VALUES ('105', 'default', '默认', '1', 'cycle', '领取次数', '85', null);
INSERT INTO `activity_type_field` VALUES ('106', 'default', '默认', '1', 'day', '天数限制', '86', null);
INSERT INTO `activity_type_field` VALUES ('106', 'aim', '目标', '1', 'amount', '充值数', '87', null);
INSERT INTO `activity_type_field` VALUES ('107', 'default', '默认', '1', 'day', '天数限制', '88', null);
INSERT INTO `activity_type_field` VALUES ('107', 'aim', '目标', '1', 'amount', '充值数', '89', null);
INSERT INTO `activity_type_field` VALUES ('108', 'default', '默认', '1', 'day', '天数限制', '90', null);
INSERT INTO `activity_type_field` VALUES ('108', 'aim', '目标', '1', 'amount', '充值数', '91', null);
INSERT INTO `activity_type_field` VALUES ('109', 'default', '默认', '1', 'currency', '货币类型', '92', '{\"1\":\"金币\",\"2\":\"元宝\",\"3\":\"RMB\"}');
INSERT INTO `activity_type_field` VALUES ('109', 'default', '默认', '1', 'before', '原价', '93', null);
INSERT INTO `activity_type_field` VALUES ('109', 'default', '默认', '1', 'after', '现价', '94', null);
INSERT INTO `activity_type_field` VALUES ('109', 'default', '默认', '1', 'num', '限购个数', '95', null);
INSERT INTO `activity_type_field` VALUES ('109', 'default', '默认', '1', 'vip', 'vip限制', '96', null);
INSERT INTO `activity_type_field` VALUES ('110', 'default', '默认', '1', 'limit', '兑换上限', '97', null);
INSERT INTO `activity_type_field` VALUES ('110', 'default', '默认', '1', 'vip', 'vip限制', '98', null);
INSERT INTO `activity_type_field` VALUES ('110', 'default', '默认', '1', 'item1', '道具1', '99', null);
INSERT INTO `activity_type_field` VALUES ('110', 'default', '默认', '1', 'number1', '道具1数量', '100', null);
INSERT INTO `activity_type_field` VALUES ('110', 'default', '默认', '1', 'item2', '道具2', '101', null);
INSERT INTO `activity_type_field` VALUES ('110', 'default', '默认', '1', 'number2', '道具2数量', '102', null);
INSERT INTO `activity_type_field` VALUES ('110', 'default', '默认', '1', 'item3', '道具3', '103', null);
INSERT INTO `activity_type_field` VALUES ('110', 'default', '默认', '1', 'number3', '道具3数量', '104', null);
INSERT INTO `activity_type_field` VALUES ('110', 'default', '默认', '1', 'item4', '道具4', '105', null);
INSERT INTO `activity_type_field` VALUES ('110', 'default', '默认', '1', 'number4', '道具4数量', '106', null);
INSERT INTO `activity_type_field` VALUES ('111', 'default', '默认', '1', 'currency', '货币类型', '107', '{\"1\":\"金币\",\"2\":\"元宝\",\"3\":\"RMB\"}');
INSERT INTO `activity_type_field` VALUES ('111', 'default', '默认', '1', 'before', '原价', '108', null);
INSERT INTO `activity_type_field` VALUES ('111', 'default', '默认', '1', 'after', '现价', '109', null);
INSERT INTO `activity_type_field` VALUES ('111', 'default', '默认', '1', 'num', '限购个数', '110', null);
INSERT INTO `activity_type_field` VALUES ('111', 'default', '默认', '1', 'vip', 'vip限制', '111', null);
INSERT INTO `activity_type_field` VALUES ('111', 'default', '默认', '1', 'name', '礼包名', '112', '');
INSERT INTO `activity_type_field` VALUES ('111', 'default', '默认', '1', 'modeltype', '外显类型', '113', '{\"1\":\"神兵\",\"2\":\"其他\"}');
INSERT INTO `activity_type_field` VALUES ('111', 'default', '默认', '1', 'modelid', '外显索引', '114', null);
INSERT INTO `activity_type_field` VALUES ('111', 'default', '默认', '1', 'icon', '礼包图标', '115', '');
INSERT INTO `activity_type_field` VALUES ('112', 'default', '默认', '1', 'currency', '货币类型', '116', '{\"1\":\"金币\",\"2\":\"元宝\",\"3\":\"RMB\"}');
INSERT INTO `activity_type_field` VALUES ('112', 'default', '默认', '1', 'before', '原价', '117', null);
INSERT INTO `activity_type_field` VALUES ('112', 'default', '默认', '1', 'after', '现价', '118', null);
INSERT INTO `activity_type_field` VALUES ('112', 'default', '默认', '1', 'num', '限购个数', '119', null);
INSERT INTO `activity_type_field` VALUES ('112', 'default', '默认', '1', 'vip', 'vip限制', '120', null);
INSERT INTO `activity_type_field` VALUES ('112', 'default', '默认', '1', 'name', '礼包名', '121', '');
INSERT INTO `activity_type_field` VALUES ('112', 'default', '默认', '1', 'modeltype', '外显类型', '122', '{\"1\":\"神兵\",\"2\":\"其他\"}');
INSERT INTO `activity_type_field` VALUES ('112', 'default', '默认', '1', 'modelid', '外显索引', '123', null);
INSERT INTO `activity_type_field` VALUES ('112', 'default', '默认', '1', 'icon', '礼包图标', '124', '');
INSERT INTO `activity_type_field` VALUES ('113', 'default', '默认', '1', 'currency', '货币类型', '125', '{\"1\":\"金币\",\"2\":\"元宝\",\"3\":\"RMB\"}');
INSERT INTO `activity_type_field` VALUES ('113', 'default', '默认', '1', 'before', '原价', '126', null);
INSERT INTO `activity_type_field` VALUES ('113', 'default', '默认', '1', 'after', '现价', '127', null);
INSERT INTO `activity_type_field` VALUES ('113', 'default', '默认', '1', 'num', '限购个数', '128', null);
INSERT INTO `activity_type_field` VALUES ('113', 'default', '默认', '1', 'vip', 'vip限制', '129', null);
INSERT INTO `activity_type_field` VALUES ('113', 'default', '默认', '1', 'name', '礼包名', '130', '');
INSERT INTO `activity_type_field` VALUES ('113', 'default', '默认', '1', 'modeltype', '外显类型', '131', '{\"1\":\"神兵\",\"2\":\"其他\"}');
INSERT INTO `activity_type_field` VALUES ('113', 'default', '默认', '1', 'modelid', '外显索引', '132', null);
INSERT INTO `activity_type_field` VALUES ('113', 'default', '默认', '1', 'icon', '礼包图标', '133', '');
INSERT INTO `activity_type_field` VALUES ('114', 'cost', '消耗', '1', 'number', '抽奖次数', '134', null);
INSERT INTO `activity_type_field` VALUES ('114', 'cost', '消耗', '1', 'itemid', '奖励ID', '135', null);
INSERT INTO `activity_type_field` VALUES ('114', 'cost', '消耗', '1', 'num', '奖励数量', '136', null);
INSERT INTO `activity_type_field` VALUES ('114', 'pool', '奖池', '2', 'weight', '权重', '137', null);
INSERT INTO `activity_type_field` VALUES ('114', 'pool', '奖池', '2', 'rare', '是否稀有', '138', '{\"0\":\"否\",\"1\":\"是\"}');
INSERT INTO `activity_type_field` VALUES ('114', 'default', '默认', '1', 'cond', '增加次数条件', '139', null);
INSERT INTO `activity_type_field` VALUES ('115', 'cost', '消耗', '1', 'number', '抽取次数', '140', null);
INSERT INTO `activity_type_field` VALUES ('115', 'pool', '奖池', '2', 'itemid', '奖励ID', '145', null);
INSERT INTO `activity_type_field` VALUES ('115', 'pool', '奖池', '2', 'num', '奖励数量', '146', null);
INSERT INTO `activity_type_field` VALUES ('115', 'pool', '奖池', '2', 'weight', '权重', '147', null);
INSERT INTO `activity_type_field` VALUES ('115', 'pool', '奖池', '2', 'rare', '是否稀有', '148', '{\"0\":\"否\",\"1\":\"是\"}');
INSERT INTO `activity_type_field` VALUES ('115', 'default', '默认', '3', 'freenum', '免费次数', '149', null);
INSERT INTO `activity_type_field` VALUES ('115', 'default', '默认', '3', 'onecost', '单次消耗', '150', null);
INSERT INTO `activity_type_field` VALUES ('115', 'default', '默认', '3', 'tencost', '连抽消耗', '151', null);
INSERT INTO `activity_type_field` VALUES ('116', 'time_add', '时间增加', '1', 'time', '累计时间', '152', null);
INSERT INTO `activity_type_field` VALUES ('116', 'time_add', '时间增加', '1', 'add', '增加次数', '153', null);
INSERT INTO `activity_type_field` VALUES ('116', 'recharge_add', '充值增加', '2', 'recharge', '累计充值', '154', null);
INSERT INTO `activity_type_field` VALUES ('116', 'recharge_add', '充值增加', '2', 'add', '增加次数', '155', null);
INSERT INTO `activity_type_field` VALUES ('116', 'position_reward', '位置奖励', '3', 'number', '位置', '156', null);
INSERT INTO `activity_type_field` VALUES ('116', 'extra_reward', '额外奖励', '4', 'pass', '通关次数', '157', null);
INSERT INTO `activity_type_field` VALUES ('401', 'default', '默认', '1', 'amount', '消耗额度', '158', null);
INSERT INTO `activity_type_field` VALUES ('401', 'default', '默认', '1', 'cycle', '领取次数', '159', null);
INSERT INTO `activity_type_field` VALUES ('402', 'aim', '目标', '1', 'itemid', '消耗ID', '160', null);
INSERT INTO `activity_type_field` VALUES ('402', 'aim', '目标', '1', 'num', '消耗数量', '161', null);
INSERT INTO `activity_type_field` VALUES ('402', 'rank', '排行', '2', 'rank_max', '排名上限', '162', null);
INSERT INTO `activity_type_field` VALUES ('402', 'rank', '排行', '2', 'rank_min', '排名下限', '163', null);
INSERT INTO `activity_type_field` VALUES ('403', 'aim', '目标', '1', 'itemid', '消耗ID', '164', null);
INSERT INTO `activity_type_field` VALUES ('403', 'aim', '目标', '1', 'num', '消耗数量', '165', null);
INSERT INTO `activity_type_field` VALUES ('403', 'rank', '排行', '2', 'rank_max', '排名上限', '166', null);
INSERT INTO `activity_type_field` VALUES ('403', 'rank', '排行', '2', 'rank_min', '排名下限', '167', null);
INSERT INTO `activity_type_field` VALUES ('404', 'aim', '目标', '1', 'itemid', '消耗ID', '168', null);
INSERT INTO `activity_type_field` VALUES ('404', 'aim', '目标', '1', 'num', '消耗数量', '169', null);
INSERT INTO `activity_type_field` VALUES ('404', 'rank', '排行', '2', 'rank_max', '排名上限', '170', null);
INSERT INTO `activity_type_field` VALUES ('404', 'rank', '排行', '2', 'rank_min', '排名下限', '171', null);
INSERT INTO `activity_type_field` VALUES ('405', 'aim', '目标', '1', 'itemid', '消耗ID', '172', null);
INSERT INTO `activity_type_field` VALUES ('405', 'aim', '目标', '1', 'num', '消耗数量', '173', null);
INSERT INTO `activity_type_field` VALUES ('405', 'rank', '排行', '2', 'rank_max', '排名上限', '174', null);
INSERT INTO `activity_type_field` VALUES ('405', 'rank', '排行', '2', 'rank_min', '排名下限', '175', null);
INSERT INTO `activity_type_field` VALUES ('406', 'aim', '目标', '1', 'itemid', '消耗ID', '176', null);
INSERT INTO `activity_type_field` VALUES ('406', 'aim', '目标', '1', 'num', '消耗数量', '177', null);
INSERT INTO `activity_type_field` VALUES ('406', 'rank', '排行', '2', 'rank_max', '排名上限', '178', null);
INSERT INTO `activity_type_field` VALUES ('406', 'rank', '排行', '2', 'rank_min', '排名下限', '179', null);
INSERT INTO `activity_type_field` VALUES ('407', 'aim', '目标', '1', 'itemid', '消耗ID', '180', null);
INSERT INTO `activity_type_field` VALUES ('407', 'aim', '目标', '1', 'num', '消耗数量', '181', null);
INSERT INTO `activity_type_field` VALUES ('407', 'rank', '排行', '2', 'rank_max', '排名上限', '182', null);
INSERT INTO `activity_type_field` VALUES ('407', 'rank', '排行', '2', 'rank_min', '排名下限', '183', null);
INSERT INTO `activity_type_field` VALUES ('408', 'aim', '目标', '1', 'itemid', '消耗ID', '184', null);
INSERT INTO `activity_type_field` VALUES ('408', 'aim', '目标', '1', 'num', '消耗数量', '185', null);
INSERT INTO `activity_type_field` VALUES ('408', 'rank', '排行', '2', 'rank_max', '排名上限', '186', null);
INSERT INTO `activity_type_field` VALUES ('408', 'rank', '排行', '2', 'rank_min', '排名下限', '187', null);
INSERT INTO `activity_type_field` VALUES ('409', 'aim', '目标', '1', 'itemid', '消耗ID', '188', null);
INSERT INTO `activity_type_field` VALUES ('409', 'aim', '目标', '1', 'num', '消耗数量', '189', null);
INSERT INTO `activity_type_field` VALUES ('409', 'rank', '排行', '2', 'rank_max', '排名上限', '190', null);
INSERT INTO `activity_type_field` VALUES ('409', 'rank', '排行', '2', 'rank_min', '排名下限', '191', null);
INSERT INTO `activity_type_field` VALUES ('410', 'aim', '目标', '1', 'itemid', '消耗ID', '192', null);
INSERT INTO `activity_type_field` VALUES ('410', 'aim', '目标', '1', 'num', '消耗数量', '193', null);
INSERT INTO `activity_type_field` VALUES ('410', 'rank', '排行', '2', 'rank_max', '排名上限', '194', null);
INSERT INTO `activity_type_field` VALUES ('410', 'rank', '排行', '2', 'rank_min', '排名下限', '195', null);
INSERT INTO `activity_type_field` VALUES ('117', 'default', '默认', '1', 'amount', '充值额度', '196', null);
INSERT INTO `activity_type_field` VALUES ('117', 'default', '默认', '1', 'cycle', '领取次数', '197', null);
INSERT INTO `activity_type_field` VALUES ('411', 'default', '默认', '1', 'amount', '消耗额度', '198', null);
INSERT INTO `activity_type_field` VALUES ('411', 'default', '默认', '1', 'cycle', '领取次数', '199', null);
INSERT INTO `activity_type_field` VALUES ('412', 'default', '默认', '1', 'amount', '消耗额度', '200', null);
INSERT INTO `activity_type_field` VALUES ('412', 'default', '默认', '1', 'cycle', '领取次数', '201', null);
INSERT INTO `activity_type_field` VALUES ('413', 'default', '默认', '1', 'amount', '消耗额度', '202', null);
INSERT INTO `activity_type_field` VALUES ('413', 'default', '默认', '1', 'cycle', '领取次数', '203', null);
INSERT INTO `activity_type_field` VALUES ('414', 'default', '默认', '1', 'amount', '消耗额度', '204', null);
INSERT INTO `activity_type_field` VALUES ('414', 'default', '默认', '1', 'cycle', '领取次数', '205', null);
INSERT INTO `activity_type_field` VALUES ('415', 'default', '默认', '1', 'amount', '消耗额度', '206', null);
INSERT INTO `activity_type_field` VALUES ('415', 'default', '默认', '1', 'cycle', '领取次数', '207', null);
INSERT INTO `activity_type_field` VALUES ('416', 'default', '默认', '1', 'amount', '消耗额度', '208', null);
INSERT INTO `activity_type_field` VALUES ('416', 'default', '默认', '1', 'cycle', '领取次数', '209', null);
INSERT INTO `activity_type_field` VALUES ('417', 'default', '默认', '1', 'amount', '消耗额度', '210', null);
INSERT INTO `activity_type_field` VALUES ('417', 'default', '默认', '1', 'cycle', '领取次数', '211', null);
INSERT INTO `activity_type_field` VALUES ('418', 'default', '默认', '1', 'amount', '消耗额度', '212', null);
INSERT INTO `activity_type_field` VALUES ('418', 'default', '默认', '1', 'cycle', '领取次数', '213', null);
INSERT INTO `activity_type_field` VALUES ('501', 'default', '默认', '1', 'rank_http', '排行榜超链接', '214', null);
INSERT INTO `activity_type_field` VALUES ('502', 'pool', '奖池', '2', 'weight', '权重', '215', null);
INSERT INTO `activity_type_field` VALUES ('502', 'pool', '奖池', '2', 'rare', '是否稀有', '216', '{\"0\":\"否\",\"1\":\"是\"}');
INSERT INTO `activity_type_field` VALUES ('502', 'default', '默认', '1', 'cond', '单次开启可获得数', '217', null);
INSERT INTO `activity_type_field` VALUES ('113', 'default', '默认', '1', 'power', '可提升战力', '218', null);
INSERT INTO `activity_type_field` VALUES ('503', 'default', '默认', '1', 'prob', '掉落概率万分比', '219', null);
INSERT INTO `activity_type_field` VALUES ('503', 'default', '默认', '1', 'timeLimit', '是否是限时道具', '220', '{\"0\":\"否\",\"1\":\"是\"}');
INSERT INTO `activity_type_field` VALUES ('503', 'default', '默认', '1', 'lowwater', '掉落最低出线击杀数', '221', null);
INSERT INTO `activity_type_field` VALUES ('503', 'default', '默认', '1', 'maxnum', '最大掉落个数', '222', null);
INSERT INTO `activity_type_field` VALUES ('503', 'weight', '默认', '1', 'weight', '道具权重', '223', null);
--INSERT INTO `activity_type_field` VALUES ('504', 'default', '默认', '1', 'amount', '充值额度', '224', null);
-- ----------------------------
-- Table structure for `goods_shelf`
-- ----------------------------
DROP TABLE IF EXISTS `goods_shelf`;
CREATE TABLE `goods_shelf` (
  `id` int(11) NOT NULL AUTO_INCREMENT,
  `name` varchar(128) NOT NULL,
  `world` varchar(128) DEFAULT '',
  `channels` varchar(256) DEFAULT '',
  `is_online` tinyint(4) DEFAULT NULL,
  `order` int(11) DEFAULT NULL,
  PRIMARY KEY (`id`)
) ENGINE=MyISAM AUTO_INCREMENT=17 DEFAULT CHARSET=utf8;

-- ----------------------------
-- Records of goods_shelf
-- ----------------------------

-- ----------------------------
-- Table structure for `item_useage_type`
-- ----------------------------
DROP TABLE IF EXISTS `item_useage_type`;
CREATE TABLE `item_useage_type` (
  `idx` int(11) NOT NULL,
  `type_name` varchar(128) NOT NULL
) ENGINE=MyISAM DEFAULT CHARSET=utf8;

-- ----------------------------
-- Records of item_useage_type
-- ----------------------------
INSERT INTO `item_useage_type` VALUES ('1', '使用');
INSERT INTO `item_useage_type` VALUES ('2', '手动销毁');
INSERT INTO `item_useage_type` VALUES ('3', '任务（主线，支线）');
INSERT INTO `item_useage_type` VALUES ('4', '拾取');
INSERT INTO `item_useage_type` VALUES ('5', 'NPC商店');
INSERT INTO `item_useage_type` VALUES ('6', '商城');
INSERT INTO `item_useage_type` VALUES ('7', '拍卖行');
INSERT INTO `item_useage_type` VALUES ('8', '邮件');
INSERT INTO `item_useage_type` VALUES ('9', 'gm');
INSERT INTO `item_useage_type` VALUES ('10', '充值');
INSERT INTO `item_useage_type` VALUES ('20', '古陵摸金副本扫荡');
INSERT INTO `item_useage_type` VALUES ('21', '回归资源找回');
INSERT INTO `item_useage_type` VALUES ('22', '原地复活');
INSERT INTO `item_useage_type` VALUES ('23', '帮派捐献');
INSERT INTO `item_useage_type` VALUES ('24', '礼金投资活动');
INSERT INTO `item_useage_type` VALUES ('25', '累计消费活动');
INSERT INTO `item_useage_type` VALUES ('26', '累计充值活动');
INSERT INTO `item_useage_type` VALUES ('27', '快速进食');
INSERT INTO `item_useage_type` VALUES ('28', '荣誉值');
INSERT INTO `item_useage_type` VALUES ('29', '道具投资活动');
INSERT INTO `item_useage_type` VALUES ('30', '等级购买活动');
INSERT INTO `item_useage_type` VALUES ('31', '道具兑换活动');
INSERT INTO `item_useage_type` VALUES ('32', '坐骑升阶活动');
INSERT INTO `item_useage_type` VALUES ('33', '宠物升阶活动');
INSERT INTO `item_useage_type` VALUES ('34', '超值乐购活动');
INSERT INTO `item_useage_type` VALUES ('35', '抽奖活动');
INSERT INTO `item_useage_type` VALUES ('36', '登陆礼包');
INSERT INTO `item_useage_type` VALUES ('37', '在线礼包');
INSERT INTO `item_useage_type` VALUES ('38', '等级礼包');
INSERT INTO `item_useage_type` VALUES ('39', '签到礼包');
INSERT INTO `item_useage_type` VALUES ('40', '黄钻蓝钻新手礼包');
INSERT INTO `item_useage_type` VALUES ('41', '黄钻蓝钻等级礼包');
INSERT INTO `item_useage_type` VALUES ('42', '黄钻蓝钻每日礼包');
INSERT INTO `item_useage_type` VALUES ('43', '宝石镶嵌');
INSERT INTO `item_useage_type` VALUES ('44', '宝石替换');
INSERT INTO `item_useage_type` VALUES ('45', '装备强化');
INSERT INTO `item_useage_type` VALUES ('46', '装备升阶');
INSERT INTO `item_useage_type` VALUES ('47', '宝石合成');
INSERT INTO `item_useage_type` VALUES ('48', '挖宝');
INSERT INTO `item_useage_type` VALUES ('49', '烹饪');
INSERT INTO `item_useage_type` VALUES ('50', '打探敌人--未测');
INSERT INTO `item_useage_type` VALUES ('51', '消耗道具聊天--未测');
INSERT INTO `item_useage_type` VALUES ('52', '绝学（废弃）');
INSERT INTO `item_useage_type` VALUES ('53', 'npc商城消耗道具');
INSERT INTO `item_useage_type` VALUES ('54', '任务删除所有道具');
INSERT INTO `item_useage_type` VALUES ('55', '帮会任务');
INSERT INTO `item_useage_type` VALUES ('56', 'weapon');
INSERT INTO `item_useage_type` VALUES ('57', '领取帮会工资(现为礼包)');
INSERT INTO `item_useage_type` VALUES ('58', 'Exploration');
INSERT INTO `item_useage_type` VALUES ('59', '扩展仓库');
INSERT INTO `item_useage_type` VALUES ('60', '悬赏刷品(银币)');
INSERT INTO `item_useage_type` VALUES ('61', '回购道具');
INSERT INTO `item_useage_type` VALUES ('62', '修装备');
INSERT INTO `item_useage_type` VALUES ('63', '修炼');
INSERT INTO `item_useage_type` VALUES ('64', '商城金币专区');
INSERT INTO `item_useage_type` VALUES ('65', '宝石摘除');
INSERT INTO `item_useage_type` VALUES ('66', '采集');
INSERT INTO `item_useage_type` VALUES ('67', '神兵挑战');
INSERT INTO `item_useage_type` VALUES ('68', '帮派副本');
INSERT INTO `item_useage_type` VALUES ('69', '帮战战场');
INSERT INTO `item_useage_type` VALUES ('70', '答题');
INSERT INTO `item_useage_type` VALUES ('71', '活跃度礼包');
INSERT INTO `item_useage_type` VALUES ('72', '悬赏任务一键橙品(元宝)');
INSERT INTO `item_useage_type` VALUES ('73', '各平台礼包');
INSERT INTO `item_useage_type` VALUES ('74', '装备升级');
INSERT INTO `item_useage_type` VALUES ('75', '道具兑换');
INSERT INTO `item_useage_type` VALUES ('76', '购买侠客试炼次数');
INSERT INTO `item_useage_type` VALUES ('77', '侠客试炼奖励');
INSERT INTO `item_useage_type` VALUES ('78', '侠客试练重置冷却时间');
INSERT INTO `item_useage_type` VALUES ('79', '小飞鞋');
INSERT INTO `item_useage_type` VALUES ('80', '剧情1副本');
INSERT INTO `item_useage_type` VALUES ('81', '剧情3副本');
INSERT INTO `item_useage_type` VALUES ('82', '组队副本');
INSERT INTO `item_useage_type` VALUES ('83', '木桩boss奖励');
INSERT INTO `item_useage_type` VALUES ('84', '木桩boss买buff');
INSERT INTO `item_useage_type` VALUES ('85', '悬赏积分奖励');
INSERT INTO `item_useage_type` VALUES ('86', '江湖悬赏立即刷新BOSS');
INSERT INTO `item_useage_type` VALUES ('87', '求婚消费(元宝)');
INSERT INTO `item_useage_type` VALUES ('88', '领取悬赏奖励（花元宝1.5倍）');
INSERT INTO `item_useage_type` VALUES ('89', '押镖(购买押镖令)');
INSERT INTO `item_useage_type` VALUES ('90', '奇经八脉激活');
INSERT INTO `item_useage_type` VALUES ('91', '奇经八脉技能');
INSERT INTO `item_useage_type` VALUES ('92', '重置通天塔花费（V8重置）');
INSERT INTO `item_useage_type` VALUES ('93', '快速获取魂');
INSERT INTO `item_useage_type` VALUES ('94', '重置守护爬塔（具体花费据策划配表而定，现在是50，300）');
INSERT INTO `item_useage_type` VALUES ('95', '好友亲密度');
INSERT INTO `item_useage_type` VALUES ('96', '守护爬塔首通');
INSERT INTO `item_useage_type` VALUES ('97', '强制离婚花销(元宝)');
INSERT INTO `item_useage_type` VALUES ('98', '资源找回(元宝)');
INSERT INTO `item_useage_type` VALUES ('99', '资源找回物品');
INSERT INTO `item_useage_type` VALUES ('100', '婚戒强化');
INSERT INTO `item_useage_type` VALUES ('101', '婚戒进阶');
INSERT INTO `item_useage_type` VALUES ('102', '婚戒洗练');
INSERT INTO `item_useage_type` VALUES ('103', '资源找回(银两)');
INSERT INTO `item_useage_type` VALUES ('104', '情缘收集');
INSERT INTO `item_useage_type` VALUES ('105', '组队守护副本奖励');
INSERT INTO `item_useage_type` VALUES ('106', '组队陷阱副本奖励');
INSERT INTO `item_useage_type` VALUES ('107', '古陵摸金副本购买次数');
INSERT INTO `item_useage_type` VALUES ('108', '组队真假boss副本奖励');
INSERT INTO `item_useage_type` VALUES ('109', '情侣副本奖励');
INSERT INTO `item_useage_type` VALUES ('110', '捐献银两');
INSERT INTO `item_useage_type` VALUES ('111', '劫镖奖励');
INSERT INTO `item_useage_type` VALUES ('112', '离线经验扣除元宝');
INSERT INTO `item_useage_type` VALUES ('113', '时装碎片');
INSERT INTO `item_useage_type` VALUES ('114', '爬塔自动扫荡奖励');
INSERT INTO `item_useage_type` VALUES ('115', '暗器升阶活动');
INSERT INTO `item_useage_type` VALUES ('116', '披风（旧：九阳神功）升阶活动');
INSERT INTO `item_useage_type` VALUES ('117', '凝神（独孤九剑）升阶活动');
INSERT INTO `item_useage_type` VALUES ('118', '法阵升阶活动');
INSERT INTO `item_useage_type` VALUES ('119', '凌波微步升阶活动');
INSERT INTO `item_useage_type` VALUES ('120', '头饰升阶活动');
INSERT INTO `item_useage_type` VALUES ('121', '服装升阶活动');
INSERT INTO `item_useage_type` VALUES ('122', '挂件升阶活动');
INSERT INTO `item_useage_type` VALUES ('123', '装备升级活动');
INSERT INTO `item_useage_type` VALUES ('124', '守护爬塔自动扫荡奖励');
INSERT INTO `item_useage_type` VALUES ('125', '外显特卖活动');
INSERT INTO `item_useage_type` VALUES ('126', '折扣特卖活动');
INSERT INTO `item_useage_type` VALUES ('127', '累计登陆活动');
INSERT INTO `item_useage_type` VALUES ('128', '首充活动');
INSERT INTO `item_useage_type` VALUES ('129', '每日首充活动');
INSERT INTO `item_useage_type` VALUES ('130', '全民冲级活动');
INSERT INTO `item_useage_type` VALUES ('131', '无双兵器谱活动');
INSERT INTO `item_useage_type` VALUES ('132', '总战力排行');
INSERT INTO `item_useage_type` VALUES ('133', '通天塔排行');
INSERT INTO `item_useage_type` VALUES ('134', '跨服1v1');
INSERT INTO `item_useage_type` VALUES ('135', '跨服3v3');
INSERT INTO `item_useage_type` VALUES ('136', '黄钻蓝钻每日领取对应的年费礼包');
INSERT INTO `item_useage_type` VALUES ('137', '爬塔');
INSERT INTO `item_useage_type` VALUES ('138', '守护爬塔');
INSERT INTO `item_useage_type` VALUES ('139', '黄蓝钻豪华每日额外礼包');
INSERT INTO `item_useage_type` VALUES ('140', '装备强化');
INSERT INTO `item_useage_type` VALUES ('141', 'QQ大厅新手礼包');
INSERT INTO `item_useage_type` VALUES ('142', 'QQ大厅每日礼包');
INSERT INTO `item_useage_type` VALUES ('143', 'QQ大厅等级礼包');
INSERT INTO `item_useage_type` VALUES ('144', '暗器经验找回');
INSERT INTO `item_useage_type` VALUES ('145', '暗器升级奖励');
INSERT INTO `item_useage_type` VALUES ('146', '炼兵抽奖奖励');
INSERT INTO `item_useage_type` VALUES ('147', '连开礼包消耗');
INSERT INTO `item_useage_type` VALUES ('148', 'VIP副本通关奖励');
INSERT INTO `item_useage_type` VALUES ('149', '帮派铸兵碎片');
INSERT INTO `item_useage_type` VALUES ('150', '服务器养成目标活动');
INSERT INTO `item_useage_type` VALUES ('151', '道具投资2每天多个奖励那个');
INSERT INTO `item_useage_type` VALUES ('152', '道具投资3有外显显示那个');
INSERT INTO `item_useage_type` VALUES ('153', '改名');
INSERT INTO `item_useage_type` VALUES ('154', '武器养成活动');
INSERT INTO `item_useage_type` VALUES ('155', '血战天策排行活动');
INSERT INTO `item_useage_type` VALUES ('156', '激活秘籍牌组');
INSERT INTO `item_useage_type` VALUES ('157', '秘籍分解');
INSERT INTO `item_useage_type` VALUES ('158', '手动刷新黑市');
INSERT INTO `item_useage_type` VALUES ('159', '秘籍副本通关奖励');
INSERT INTO `item_useage_type` VALUES ('160', '名将试练刷新');
INSERT INTO `item_useage_type` VALUES ('161', '秘籍合成');
INSERT INTO `item_useage_type` VALUES ('162', '元宝抽取秘笈一次');
INSERT INTO `item_useage_type` VALUES ('163', '元宝五连抽秘笈');
INSERT INTO `item_useage_type` VALUES ('164', '兵器副本通关奖励');
INSERT INTO `item_useage_type` VALUES ('165', '帮派爬塔通关奖励');
INSERT INTO `item_useage_type` VALUES ('166', '帮派爬塔关卡奖励');
INSERT INTO `item_useage_type` VALUES ('167', '整理时销毁');
INSERT INTO `item_useage_type` VALUES ('168', '7天活动');
INSERT INTO `item_useage_type` VALUES ('169', '七天特卖');
INSERT INTO `item_useage_type` VALUES ('170', 'tgp平台新手礼包');
INSERT INTO `item_useage_type` VALUES ('171', 'LLQ平台新手礼包');
INSERT INTO `item_useage_type` VALUES ('172', 'GJ平台新手礼包');
INSERT INTO `item_useage_type` VALUES ('173', 'TGP平台等级礼包');
INSERT INTO `item_useage_type` VALUES ('174', 'LLQ平台等级礼包');
INSERT INTO `item_useage_type` VALUES ('175', 'GJ平台等级礼包');
INSERT INTO `item_useage_type` VALUES ('176', 'TGP平台每日礼包');
INSERT INTO `item_useage_type` VALUES ('177', 'LLQ平台每日礼包');
INSERT INTO `item_useage_type` VALUES ('178', 'GJ平台每日礼包');
INSERT INTO `item_useage_type` VALUES ('179', 'VIP等级礼包');
INSERT INTO `item_useage_type` VALUES ('181', '喂养奖励');
INSERT INTO `item_useage_type` VALUES ('182', '一键完成日环任务');
INSERT INTO `item_useage_type` VALUES ('183', '一键完成情缘任务');
INSERT INTO `item_useage_type` VALUES ('184', '一键完成帮派任务');
INSERT INTO `item_useage_type` VALUES ('185', '披风进阶');
INSERT INTO `item_useage_type` VALUES ('186', '凝神进阶');
INSERT INTO `item_useage_type` VALUES ('187', '奇门进阶');
INSERT INTO `item_useage_type` VALUES ('188', '轻功进阶');
INSERT INTO `item_useage_type` VALUES ('189', '坐骑进阶');
INSERT INTO `item_useage_type` VALUES ('190', '宠物进阶');
INSERT INTO `item_useage_type` VALUES ('191', '发型进阶');
INSERT INTO `item_useage_type` VALUES ('192', '时装进阶');
INSERT INTO `item_useage_type` VALUES ('193', '挂件进阶');
INSERT INTO `item_useage_type` VALUES ('194', '披风技能升级');
INSERT INTO `item_useage_type` VALUES ('195', '凝神技能升级');
INSERT INTO `item_useage_type` VALUES ('196', '奇门技能升级');
INSERT INTO `item_useage_type` VALUES ('197', '轻功技能升级');
INSERT INTO `item_useage_type` VALUES ('198', '发型技能升级');
INSERT INTO `item_useage_type` VALUES ('199', '时装技能升级');
INSERT INTO `item_useage_type` VALUES ('200', '挂件技能升级');
INSERT INTO `item_useage_type` VALUES ('201', '坐骑喂养');
INSERT INTO `item_useage_type` VALUES ('202', '宠物喂养');
INSERT INTO `item_useage_type` VALUES ('203', '经验竹林扫荡奖励');
INSERT INTO `item_useage_type` VALUES ('204', '守护剑炉扫荡奖励');
INSERT INTO `item_useage_type` VALUES ('205', '万花盛宴扫荡奖励');
INSERT INTO `item_useage_type` VALUES ('206', '江湖传说普通扫荡');
INSERT INTO `item_useage_type` VALUES ('207', '江湖传说困难扫荡');
INSERT INTO `item_useage_type` VALUES ('208', '江湖传说普通通关');
INSERT INTO `item_useage_type` VALUES ('209', '江湖传说困难通关');
INSERT INTO `item_useage_type` VALUES ('210', '日常每环奖励');
INSERT INTO `item_useage_type` VALUES ('211', '日常除恶每环奖励');
INSERT INTO `item_useage_type` VALUES ('212', '结婚日常每环奖励');
INSERT INTO `item_useage_type` VALUES ('213', '帮派日常每环奖励');
INSERT INTO `item_useage_type` VALUES ('214', '悬赏任务每环奖励');
INSERT INTO `item_useage_type` VALUES ('215', '一键完成日常奖励');
INSERT INTO `item_useage_type` VALUES ('216', '一键完成结婚日常奖励');
INSERT INTO `item_useage_type` VALUES ('217', '一键完成帮派日常奖励');
INSERT INTO `item_useage_type` VALUES ('218', '重置守护爬塔Vip5花费');
INSERT INTO `item_useage_type` VALUES ('219', '重置守护爬塔Vip9花费');
INSERT INTO `item_useage_type` VALUES ('220', '重置守护爬塔Vip几花费（现在不存在，防止策划改表后其他vip等级也有花费）');
INSERT INTO `item_useage_type` VALUES ('221', 'pvp塔积分奖励');
INSERT INTO `item_useage_type` VALUES ('222', 'pvp塔晋级奖励');
INSERT INTO `item_useage_type` VALUES ('223', 'pvp塔秘宝奖励');
INSERT INTO `item_useage_type` VALUES ('224', '情缘活动');
INSERT INTO `item_useage_type` VALUES ('225', '领取1v1每日奖励');
INSERT INTO `item_useage_type` VALUES ('226', '领取3v3每日奖励');
INSERT INTO `item_useage_type` VALUES ('227', '通关选择要获得的道具领取道具');
INSERT INTO `item_useage_type` VALUES ('228', 'AW平台新手礼包');
INSERT INTO `item_useage_type` VALUES ('229', 'AW平台等级礼包');
INSERT INTO `item_useage_type` VALUES ('230', 'AW平台每日礼包');
INSERT INTO `item_useage_type` VALUES ('231', '乾坤炉熔炼');
INSERT INTO `item_useage_type` VALUES ('232', '被动绝技升级');
INSERT INTO `item_useage_type` VALUES ('233', '大富翁活动');
INSERT INTO `item_useage_type` VALUES ('234', '购买vip白银');
INSERT INTO `item_useage_type` VALUES ('235', '购买vip黄金');
INSERT INTO `item_useage_type` VALUES ('236', '购买vip钻石');
INSERT INTO `item_useage_type` VALUES ('237', 'vip白银奖励');
INSERT INTO `item_useage_type` VALUES ('238', 'vip黄金奖励');
INSERT INTO `item_useage_type` VALUES ('239', 'vip钻石奖励');
INSERT INTO `item_useage_type` VALUES ('240', 'vip特权签到礼包');
INSERT INTO `item_useage_type` VALUES ('241', '情缘解锁背景');
INSERT INTO `item_useage_type` VALUES ('242', '跨服组队副本通关及首通奖励');
INSERT INTO `item_useage_type` VALUES ('243', '道具消耗运营活动');
INSERT INTO `item_useage_type` VALUES ('244', '秘籍抽奖运营活动');
INSERT INTO `item_useage_type` VALUES ('245', '连续充值运营活动');
INSERT INTO `item_useage_type` VALUES ('246', 'pvx任务奖励');
INSERT INTO `item_useage_type` VALUES ('247', 'QQ空间新手礼包');
INSERT INTO `item_useage_type` VALUES ('248', 'QQ空间每日礼包');
INSERT INTO `item_useage_type` VALUES ('249', 'QQ空间等级礼包');
INSERT INTO `item_useage_type` VALUES ('250', 'QQ大厅特权礼包');
INSERT INTO `item_useage_type` VALUES ('251', 'QQ空间特权礼包');
INSERT INTO `item_useage_type` VALUES ('252', 'TGP特权礼包');
INSERT INTO `item_useage_type` VALUES ('253', 'QQ管家新手礼包');
INSERT INTO `item_useage_type` VALUES ('254', 'QQ管家每日礼包');
INSERT INTO `item_useage_type` VALUES ('255', '全民盛宴运营活动');
INSERT INTO `item_useage_type` VALUES ('256', '内功道具合成');
INSERT INTO `item_useage_type` VALUES ('257', '内功修炼');
INSERT INTO `item_useage_type` VALUES ('258', '商城代币兑换');
INSERT INTO `item_useage_type` VALUES ('259', '商城荣誉兑换');
INSERT INTO `item_useage_type` VALUES ('260', '商城功勋兑换');
INSERT INTO `item_useage_type` VALUES ('261', '商城情缘点兑换');
INSERT INTO `item_useage_type` VALUES ('262', '分解秘籍获得秘籍点');
INSERT INTO `item_useage_type` VALUES ('263', '秘籍合成消耗秘籍点');
INSERT INTO `item_useage_type` VALUES ('264', '乐透活动');
INSERT INTO `item_useage_type` VALUES ('265', '坐骑符文进阶');
INSERT INTO `item_useage_type` VALUES ('266', '充值月卡');
INSERT INTO `item_useage_type` VALUES ('267', '红包活动');

-- ----------------------------
-- Table structure for `items`
-- ----------------------------
DROP TABLE IF EXISTS `items`;
CREATE TABLE `items` (
  `itemid` bigint(20) NOT NULL COMMENT '道具配置id',
  `itemname` text NOT NULL COMMENT '道具名称',
  PRIMARY KEY (`itemid`)
) ENGINE=MyISAM DEFAULT CHARSET=utf8;

-- ----------------------------
-- Records of items
-- ----------------------------
INSERT INTO `items` VALUES (1, '铜钱');
INSERT INTO `items` VALUES (2, '元宝');
INSERT INTO `items` VALUES (3, '经验');
INSERT INTO `items` VALUES (4, '荣誉');
INSERT INTO `items` VALUES (5, '功勋');
INSERT INTO `items` VALUES (6, '绑定元宝');
INSERT INTO `items` VALUES (7, '帮贡');
INSERT INTO `items` VALUES (8, '情缘点');
INSERT INTO `items` VALUES (9, '真气');
INSERT INTO `items` VALUES (10, '秘籍点');
INSERT INTO `items` VALUES (11, '永王地宫代币（紫陨）');
INSERT INTO `items` VALUES (12, '高级荣誉');
INSERT INTO `items` VALUES (20, '攻BUFF（用作木桩boss）');
INSERT INTO `items` VALUES (21, '防BUFF（用作木桩boss）');
INSERT INTO `items` VALUES (22, '血BUFF（用作木桩boss）');
INSERT INTO `items` VALUES (23, '组队天策恩泽暴击buff掉落');
INSERT INTO `items` VALUES (24, '组队天策恩泽攻击buff掉落');
INSERT INTO `items` VALUES (25, '组队天策恩泽防御buff掉落');
INSERT INTO `items` VALUES (26, '组队天策恩泽免疫buff掉落');
INSERT INTO `items` VALUES (27, '天鹰堡垒_伤害减免buff');
INSERT INTO `items` VALUES (28, '乱战枫桦_伤害加成buff');

INSERT INTO `items` VALUES (301, '君临天下');
INSERT INTO `items` VALUES (302, '傲视群雄');
INSERT INTO `items` VALUES (303, '七彩霓裳');
INSERT INTO `items` VALUES (304, '羽化登仙');
INSERT INTO `items` VALUES (305, '仗剑天涯');
INSERT INTO `items` VALUES (306, '神之利器');
INSERT INTO `items` VALUES (307, '临兵斗者');
INSERT INTO `items` VALUES (308, '驭灵使者');
INSERT INTO `items` VALUES (309, '神使之王');
INSERT INTO `items` VALUES (310, '稀世奇才');
INSERT INTO `items` VALUES (311, '天人合一');
INSERT INTO `items` VALUES (312, '独占鳌头');
INSERT INTO `items` VALUES (313, '腰缠万贯');
INSERT INTO `items` VALUES (314, '财神附体');
INSERT INTO `items` VALUES (315, '名扬四海');
INSERT INTO `items` VALUES (316, '天下无双');
INSERT INTO `items` VALUES (317, '威震八方');
INSERT INTO `items` VALUES (318, '登峰造极');
INSERT INTO `items` VALUES (319, '名威盖世');
INSERT INTO `items` VALUES (320, '杀神之巅');
INSERT INTO `items` VALUES (321, '浴血长空');
INSERT INTO `items` VALUES (322, '绝世高手');
INSERT INTO `items` VALUES (323, '九天神将');

INSERT INTO `items` VALUES (401, '蓝色伙伴装备');
INSERT INTO `items` VALUES (402, '紫色伙伴装备');
INSERT INTO `items` VALUES (403, '橙色伙伴装备');
INSERT INTO `items` VALUES (404, '红色伙伴装备');

INSERT INTO `items` VALUES (20100, '1级攻击宝石');
INSERT INTO `items` VALUES (20101, '2级攻击宝石');
INSERT INTO `items` VALUES (20102, '3级攻击宝石');
INSERT INTO `items` VALUES (20103, '4级攻击宝石');
INSERT INTO `items` VALUES (20104, '5级攻击宝石');
INSERT INTO `items` VALUES (20105, '6级攻击宝石');
INSERT INTO `items` VALUES (20106, '7级攻击宝石');
INSERT INTO `items` VALUES (20107, '8级攻击宝石');
INSERT INTO `items` VALUES (20108, '9级攻击宝石');
INSERT INTO `items` VALUES (20109, '10级攻击宝石');
INSERT INTO `items` VALUES (20110, '1级防御宝石');
INSERT INTO `items` VALUES (20111, '2级防御宝石');
INSERT INTO `items` VALUES (20112, '3级防御宝石');
INSERT INTO `items` VALUES (20113, '4级防御宝石');
INSERT INTO `items` VALUES (20114, '5级防御宝石');
INSERT INTO `items` VALUES (20115, '6级防御宝石');
INSERT INTO `items` VALUES (20116, '7级防御宝石');
INSERT INTO `items` VALUES (20117, '8级防御宝石');
INSERT INTO `items` VALUES (20118, '9级防御宝石');
INSERT INTO `items` VALUES (20119, '10级防御宝石');
INSERT INTO `items` VALUES (20120, '1级生命宝石');
INSERT INTO `items` VALUES (20121, '2级生命宝石');
INSERT INTO `items` VALUES (20122, '3级生命宝石');
INSERT INTO `items` VALUES (20123, '4级生命宝石');
INSERT INTO `items` VALUES (20124, '5级生命宝石');
INSERT INTO `items` VALUES (20125, '6级生命宝石');
INSERT INTO `items` VALUES (20126, '7级生命宝石');
INSERT INTO `items` VALUES (20127, '8级生命宝石');
INSERT INTO `items` VALUES (20128, '9级生命宝石');
INSERT INTO `items` VALUES (20129, '10级生命宝石');
INSERT INTO `items` VALUES (20201, '改名卡');
INSERT INTO `items` VALUES (20202, '寻宝卷');
INSERT INTO `items` VALUES (20203, '修为丹');
INSERT INTO `items` VALUES (20204, '高级修为丹');
INSERT INTO `items` VALUES (20205, '装备强化石');
INSERT INTO `items` VALUES (20206, '橙装碎片');
INSERT INTO `items` VALUES (20207, '红装碎片');
INSERT INTO `items` VALUES (20208, '经脉提升道具');
INSERT INTO `items` VALUES (20209, '内功提升道具');
INSERT INTO `items` VALUES (20210, '神兵升星道具');
INSERT INTO `items` VALUES (20211, '伙伴升星道具');
INSERT INTO `items` VALUES (20212, '时装升星道具');
INSERT INTO `items` VALUES (20213, '翅膀升星道具');
INSERT INTO `items` VALUES (20214, '法阵升星道具');
INSERT INTO `items` VALUES (20215, '法宝升星道具');
INSERT INTO `items` VALUES (20216, '法阵固定值丹');
INSERT INTO `items` VALUES (20217, '法宝固定值丹');
INSERT INTO `items` VALUES (20218, '法阵百分比丹');
INSERT INTO `items` VALUES (20219, '法宝百分比丹');
INSERT INTO `items` VALUES (20220, '法阵直升丹');
INSERT INTO `items` VALUES (20221, '法宝直升丹');
INSERT INTO `items` VALUES (20222, '藏宝图1');
INSERT INTO `items` VALUES (20223, '藏宝图2');
INSERT INTO `items` VALUES (20224, '藏宝图3');
INSERT INTO `items` VALUES (20225, '藏宝图4');
INSERT INTO `items` VALUES (20226, '神铸固定值丹');
INSERT INTO `items` VALUES (20227, '羽化固定值丹');
INSERT INTO `items` VALUES (20228, '神铸百分比丹');
INSERT INTO `items` VALUES (20229, '羽化百分比丹');
INSERT INTO `items` VALUES (20230, '神铸直升丹');
INSERT INTO `items` VALUES (20231, '羽化直升丹');
INSERT INTO `items` VALUES (20301, '和平挑战令');
INSERT INTO `items` VALUES (20302, 'PK挑战令');
INSERT INTO `items` VALUES (20401, '帮派捐献道具');
INSERT INTO `items` VALUES (20402, '蜀山兑换道具');


INSERT INTO `items` VALUES (22001, '时装1碎片');
INSERT INTO `items` VALUES (22002, '时装2碎片');
INSERT INTO `items` VALUES (22003, '时装3碎片');
INSERT INTO `items` VALUES (22004, '时装4碎片');
INSERT INTO `items` VALUES (22005, '时装5碎片');
INSERT INTO `items` VALUES (22006, '时装6碎片');
INSERT INTO `items` VALUES (22007, '时装7碎片');
INSERT INTO `items` VALUES (22008, '时装8碎片');
INSERT INTO `items` VALUES (22009, '时装9碎片');
INSERT INTO `items` VALUES (22010, '时装10碎片');


INSERT INTO `items` VALUES (22101, '羽翼1碎片');
INSERT INTO `items` VALUES (22102, '羽翼2碎片');
INSERT INTO `items` VALUES (22103, '羽翼3碎片');
INSERT INTO `items` VALUES (22104, '羽翼4碎片');
INSERT INTO `items` VALUES (22105, '羽翼5碎片');
INSERT INTO `items` VALUES (22106, '羽翼6碎片');
INSERT INTO `items` VALUES (22107, '羽翼7碎片');
INSERT INTO `items` VALUES (22108, '羽翼8碎片');
INSERT INTO `items` VALUES (22109, '羽翼9碎片');
INSERT INTO `items` VALUES (22110, '羽翼10碎片');


INSERT INTO `items` VALUES (22201, '神兵1碎片');
INSERT INTO `items` VALUES (22202, '神兵2碎片');
INSERT INTO `items` VALUES (22203, '神兵3碎片');
INSERT INTO `items` VALUES (22204, '神兵4碎片');
INSERT INTO `items` VALUES (22205, '神兵5碎片');
INSERT INTO `items` VALUES (22206, '神兵6碎片');
INSERT INTO `items` VALUES (22207, '神兵7碎片');
INSERT INTO `items` VALUES (22208, '神兵8碎片');
INSERT INTO `items` VALUES (22209, '神兵9碎片');
INSERT INTO `items` VALUES (22210, '神兵10碎片');
INSERT INTO `items` VALUES (22211, '神兵11碎片');
INSERT INTO `items` VALUES (22212, '神兵12碎片');
INSERT INTO `items` VALUES (22213, '神兵13碎片');
INSERT INTO `items` VALUES (22214, '神兵14碎片');
INSERT INTO `items` VALUES (22215, '神兵15碎片');
INSERT INTO `items` VALUES (22216, '神兵16碎片');
INSERT INTO `items` VALUES (22217, '神兵17碎片');
INSERT INTO `items` VALUES (22218, '神兵18碎片');
INSERT INTO `items` VALUES (22219, '神兵19碎片');
INSERT INTO `items` VALUES (22220, '神兵20碎片');


INSERT INTO `items` VALUES (22301, '伙伴1碎片');
INSERT INTO `items` VALUES (22302, '伙伴2碎片');
INSERT INTO `items` VALUES (22303, '伙伴3碎片');
INSERT INTO `items` VALUES (22304, '伙伴4碎片');
INSERT INTO `items` VALUES (22305, '伙伴5碎片');
INSERT INTO `items` VALUES (22306, '伙伴6碎片');
INSERT INTO `items` VALUES (22307, '伙伴7碎片');
INSERT INTO `items` VALUES (22308, '伙伴8碎片');
INSERT INTO `items` VALUES (22309, '伙伴9碎片');
INSERT INTO `items` VALUES (22310, '伙伴10碎片');

INSERT INTO `items` VALUES (24001, '1级宝石袋');
INSERT INTO `items` VALUES (24002, '2级宝石袋');
INSERT INTO `items` VALUES (24003, '3级宝石袋');
INSERT INTO `items` VALUES (24004, '4级宝石袋');
INSERT INTO `items` VALUES (24005, '5级宝石袋');
INSERT INTO `items` VALUES (24050, '伙伴8阶红色装备宝箱');
INSERT INTO `items` VALUES (24051, '伙伴9阶红色装备宝箱');
INSERT INTO `items` VALUES (24052, '伙伴10阶红色装备宝箱');
INSERT INTO `items` VALUES (24053, '黄金限时礼包');
INSERT INTO `items` VALUES (24054, '钻石限时礼包');
INSERT INTO `items` VALUES (24100, '角色3转红色装备');
INSERT INTO `items` VALUES (24201, '仙盟低级礼包');
INSERT INTO `items` VALUES (24202, '仙盟中级礼包');
INSERT INTO `items` VALUES (24203, '仙盟高级礼包');
INSERT INTO `items` VALUES (24320, '见证挖宝奖励1');
INSERT INTO `items` VALUES (24321, '见证挖宝奖励2');
INSERT INTO `items` VALUES (24322, '见证挖宝奖励3');
INSERT INTO `items` VALUES (24323, '连开礼包1');
INSERT INTO `items` VALUES (24324, '连开礼包2');



INSERT INTO `items` VALUES (33010, '1阶蓝色装备0');
INSERT INTO `items` VALUES (33011, '1阶蓝色装备1');
INSERT INTO `items` VALUES (33012, '1阶蓝色装备2');
INSERT INTO `items` VALUES (33013, '1阶蓝色装备3');
INSERT INTO `items` VALUES (33014, '1阶蓝色装备4');
INSERT INTO `items` VALUES (33015, '1阶蓝色装备5');
INSERT INTO `items` VALUES (33020, '2阶蓝色装备0');
INSERT INTO `items` VALUES (33021, '2阶蓝色装备1');
INSERT INTO `items` VALUES (33022, '2阶蓝色装备2');
INSERT INTO `items` VALUES (33023, '2阶蓝色装备3');
INSERT INTO `items` VALUES (33024, '2阶蓝色装备4');
INSERT INTO `items` VALUES (33025, '2阶蓝色装备5');
INSERT INTO `items` VALUES (33030, '3阶蓝色装备0');
INSERT INTO `items` VALUES (33031, '3阶蓝色装备1');
INSERT INTO `items` VALUES (33032, '3阶蓝色装备2');
INSERT INTO `items` VALUES (33033, '3阶蓝色装备3');
INSERT INTO `items` VALUES (33034, '3阶蓝色装备4');
INSERT INTO `items` VALUES (33035, '3阶蓝色装备5');
INSERT INTO `items` VALUES (33040, '4阶蓝色装备0');
INSERT INTO `items` VALUES (33041, '4阶蓝色装备1');
INSERT INTO `items` VALUES (33042, '4阶蓝色装备2');
INSERT INTO `items` VALUES (33043, '4阶蓝色装备3');
INSERT INTO `items` VALUES (33044, '4阶蓝色装备4');
INSERT INTO `items` VALUES (33045, '4阶蓝色装备5');
INSERT INTO `items` VALUES (33050, '5阶蓝色装备0');
INSERT INTO `items` VALUES (33051, '5阶蓝色装备1');
INSERT INTO `items` VALUES (33052, '5阶蓝色装备2');
INSERT INTO `items` VALUES (33053, '5阶蓝色装备3');
INSERT INTO `items` VALUES (33054, '5阶蓝色装备4');
INSERT INTO `items` VALUES (33055, '5阶蓝色装备5');
INSERT INTO `items` VALUES (33060, '6阶蓝色装备0');
INSERT INTO `items` VALUES (33061, '6阶蓝色装备1');
INSERT INTO `items` VALUES (33062, '6阶蓝色装备2');
INSERT INTO `items` VALUES (33063, '6阶蓝色装备3');
INSERT INTO `items` VALUES (33064, '6阶蓝色装备4');
INSERT INTO `items` VALUES (33065, '6阶蓝色装备5');
INSERT INTO `items` VALUES (33070, '7阶蓝色装备0');
INSERT INTO `items` VALUES (33071, '7阶蓝色装备1');
INSERT INTO `items` VALUES (33072, '7阶蓝色装备2');
INSERT INTO `items` VALUES (33073, '7阶蓝色装备3');
INSERT INTO `items` VALUES (33074, '7阶蓝色装备4');
INSERT INTO `items` VALUES (33075, '7阶蓝色装备5');
INSERT INTO `items` VALUES (33080, '8阶蓝色装备0');
INSERT INTO `items` VALUES (33081, '8阶蓝色装备1');
INSERT INTO `items` VALUES (33082, '8阶蓝色装备2');
INSERT INTO `items` VALUES (33083, '8阶蓝色装备3');
INSERT INTO `items` VALUES (33084, '8阶蓝色装备4');
INSERT INTO `items` VALUES (33085, '8阶蓝色装备5');
INSERT INTO `items` VALUES (33090, '9阶蓝色装备0');
INSERT INTO `items` VALUES (33091, '9阶蓝色装备1');
INSERT INTO `items` VALUES (33092, '9阶蓝色装备2');
INSERT INTO `items` VALUES (33093, '9阶蓝色装备3');
INSERT INTO `items` VALUES (33094, '9阶蓝色装备4');
INSERT INTO `items` VALUES (33095, '9阶蓝色装备5');
INSERT INTO `items` VALUES (33100, '10阶蓝色装备0');
INSERT INTO `items` VALUES (33101, '10阶蓝色装备1');
INSERT INTO `items` VALUES (33102, '10阶蓝色装备2');
INSERT INTO `items` VALUES (33103, '10阶蓝色装备3');
INSERT INTO `items` VALUES (33104, '10阶蓝色装备4');
INSERT INTO `items` VALUES (33105, '10阶蓝色装备5');
INSERT INTO `items` VALUES (34010, '1阶紫色装备0');
INSERT INTO `items` VALUES (34011, '1阶紫色装备1');
INSERT INTO `items` VALUES (34012, '1阶紫色装备2');
INSERT INTO `items` VALUES (34013, '1阶紫色装备3');
INSERT INTO `items` VALUES (34014, '1阶紫色装备4');
INSERT INTO `items` VALUES (34015, '1阶紫色装备5');
INSERT INTO `items` VALUES (34020, '2阶紫色装备0');
INSERT INTO `items` VALUES (34021, '2阶紫色装备1');
INSERT INTO `items` VALUES (34022, '2阶紫色装备2');
INSERT INTO `items` VALUES (34023, '2阶紫色装备3');
INSERT INTO `items` VALUES (34024, '2阶紫色装备4');
INSERT INTO `items` VALUES (34025, '2阶紫色装备5');
INSERT INTO `items` VALUES (34030, '3阶紫色装备0');
INSERT INTO `items` VALUES (34031, '3阶紫色装备1');
INSERT INTO `items` VALUES (34032, '3阶紫色装备2');
INSERT INTO `items` VALUES (34033, '3阶紫色装备3');
INSERT INTO `items` VALUES (34034, '3阶紫色装备4');
INSERT INTO `items` VALUES (34035, '3阶紫色装备5');
INSERT INTO `items` VALUES (34040, '4阶紫色装备0');
INSERT INTO `items` VALUES (34041, '4阶紫色装备1');
INSERT INTO `items` VALUES (34042, '4阶紫色装备2');
INSERT INTO `items` VALUES (34043, '4阶紫色装备3');
INSERT INTO `items` VALUES (34044, '4阶紫色装备4');
INSERT INTO `items` VALUES (34045, '4阶紫色装备5');
INSERT INTO `items` VALUES (34050, '5阶紫色装备0');
INSERT INTO `items` VALUES (34051, '5阶紫色装备1');
INSERT INTO `items` VALUES (34052, '5阶紫色装备2');
INSERT INTO `items` VALUES (34053, '5阶紫色装备3');
INSERT INTO `items` VALUES (34054, '5阶紫色装备4');
INSERT INTO `items` VALUES (34055, '5阶紫色装备5');
INSERT INTO `items` VALUES (34060, '6阶紫色装备0');
INSERT INTO `items` VALUES (34061, '6阶紫色装备1');
INSERT INTO `items` VALUES (34062, '6阶紫色装备2');
INSERT INTO `items` VALUES (34063, '6阶紫色装备3');
INSERT INTO `items` VALUES (34064, '6阶紫色装备4');
INSERT INTO `items` VALUES (34065, '6阶紫色装备5');
INSERT INTO `items` VALUES (34070, '7阶紫色装备0');
INSERT INTO `items` VALUES (34071, '7阶紫色装备1');
INSERT INTO `items` VALUES (34072, '7阶紫色装备2');
INSERT INTO `items` VALUES (34073, '7阶紫色装备3');
INSERT INTO `items` VALUES (34074, '7阶紫色装备4');
INSERT INTO `items` VALUES (34075, '7阶紫色装备5');
INSERT INTO `items` VALUES (34080, '8阶紫色装备0');
INSERT INTO `items` VALUES (34081, '8阶紫色装备1');
INSERT INTO `items` VALUES (34082, '8阶紫色装备2');
INSERT INTO `items` VALUES (34083, '8阶紫色装备3');
INSERT INTO `items` VALUES (34084, '8阶紫色装备4');
INSERT INTO `items` VALUES (34085, '8阶紫色装备5');
INSERT INTO `items` VALUES (34090, '9阶紫色装备0');
INSERT INTO `items` VALUES (34091, '9阶紫色装备1');
INSERT INTO `items` VALUES (34092, '9阶紫色装备2');
INSERT INTO `items` VALUES (34093, '9阶紫色装备3');
INSERT INTO `items` VALUES (34094, '9阶紫色装备4');
INSERT INTO `items` VALUES (34095, '9阶紫色装备5');
INSERT INTO `items` VALUES (34100, '10阶紫色装备0');
INSERT INTO `items` VALUES (34101, '10阶紫色装备1');
INSERT INTO `items` VALUES (34102, '10阶紫色装备2');
INSERT INTO `items` VALUES (34103, '10阶紫色装备3');
INSERT INTO `items` VALUES (34104, '10阶紫色装备4');
INSERT INTO `items` VALUES (34105, '10阶紫色装备5');
INSERT INTO `items` VALUES (36010, '1阶橙色装备0');
INSERT INTO `items` VALUES (36011, '1阶橙色装备1');
INSERT INTO `items` VALUES (36012, '1阶橙色装备2');
INSERT INTO `items` VALUES (36013, '1阶橙色装备3');
INSERT INTO `items` VALUES (36014, '1阶橙色装备4');
INSERT INTO `items` VALUES (36015, '1阶橙色装备5');
INSERT INTO `items` VALUES (36020, '2阶橙色装备0');
INSERT INTO `items` VALUES (36021, '2阶橙色装备1');
INSERT INTO `items` VALUES (36022, '2阶橙色装备2');
INSERT INTO `items` VALUES (36023, '2阶橙色装备3');
INSERT INTO `items` VALUES (36024, '2阶橙色装备4');
INSERT INTO `items` VALUES (36025, '2阶橙色装备5');
INSERT INTO `items` VALUES (36030, '3阶橙色装备0');
INSERT INTO `items` VALUES (36031, '3阶橙色装备1');
INSERT INTO `items` VALUES (36032, '3阶橙色装备2');
INSERT INTO `items` VALUES (36033, '3阶橙色装备3');
INSERT INTO `items` VALUES (36034, '3阶橙色装备4');
INSERT INTO `items` VALUES (36035, '3阶橙色装备5');
INSERT INTO `items` VALUES (36040, '4阶橙色装备0');
INSERT INTO `items` VALUES (36041, '4阶橙色装备1');
INSERT INTO `items` VALUES (36042, '4阶橙色装备2');
INSERT INTO `items` VALUES (36043, '4阶橙色装备3');
INSERT INTO `items` VALUES (36044, '4阶橙色装备4');
INSERT INTO `items` VALUES (36045, '4阶橙色装备5');
INSERT INTO `items` VALUES (36050, '5阶橙色装备0');
INSERT INTO `items` VALUES (36051, '5阶橙色装备1');
INSERT INTO `items` VALUES (36052, '5阶橙色装备2');
INSERT INTO `items` VALUES (36053, '5阶橙色装备3');
INSERT INTO `items` VALUES (36054, '5阶橙色装备4');
INSERT INTO `items` VALUES (36055, '5阶橙色装备5');
INSERT INTO `items` VALUES (36060, '6阶橙色装备0');
INSERT INTO `items` VALUES (36061, '6阶橙色装备1');
INSERT INTO `items` VALUES (36062, '6阶橙色装备2');
INSERT INTO `items` VALUES (36063, '6阶橙色装备3');
INSERT INTO `items` VALUES (36064, '6阶橙色装备4');
INSERT INTO `items` VALUES (36065, '6阶橙色装备5');
INSERT INTO `items` VALUES (36070, '7阶橙色装备0');
INSERT INTO `items` VALUES (36071, '7阶橙色装备1');
INSERT INTO `items` VALUES (36072, '7阶橙色装备2');
INSERT INTO `items` VALUES (36073, '7阶橙色装备3');
INSERT INTO `items` VALUES (36074, '7阶橙色装备4');
INSERT INTO `items` VALUES (36075, '7阶橙色装备5');
INSERT INTO `items` VALUES (36080, '8阶橙色装备0');
INSERT INTO `items` VALUES (36081, '8阶橙色装备1');
INSERT INTO `items` VALUES (36082, '8阶橙色装备2');
INSERT INTO `items` VALUES (36083, '8阶橙色装备3');
INSERT INTO `items` VALUES (36084, '8阶橙色装备4');
INSERT INTO `items` VALUES (36085, '8阶橙色装备5');
INSERT INTO `items` VALUES (36090, '9阶橙色装备0');
INSERT INTO `items` VALUES (36091, '9阶橙色装备1');
INSERT INTO `items` VALUES (36092, '9阶橙色装备2');
INSERT INTO `items` VALUES (36093, '9阶橙色装备3');
INSERT INTO `items` VALUES (36094, '9阶橙色装备4');
INSERT INTO `items` VALUES (36095, '9阶橙色装备5');
INSERT INTO `items` VALUES (36100, '10阶橙色装备0');
INSERT INTO `items` VALUES (36101, '10阶橙色装备1');
INSERT INTO `items` VALUES (36102, '10阶橙色装备2');
INSERT INTO `items` VALUES (36103, '10阶橙色装备3');
INSERT INTO `items` VALUES (36104, '10阶橙色装备4');
INSERT INTO `items` VALUES (36105, '10阶橙色装备5');
INSERT INTO `items` VALUES (37010, '1阶红色装备0');
INSERT INTO `items` VALUES (37011, '1阶红色装备1');
INSERT INTO `items` VALUES (37012, '1阶红色装备2');
INSERT INTO `items` VALUES (37013, '1阶红色装备3');
INSERT INTO `items` VALUES (37014, '1阶红色装备4');
INSERT INTO `items` VALUES (37015, '1阶红色装备5');
INSERT INTO `items` VALUES (37020, '2阶红色装备0');
INSERT INTO `items` VALUES (37021, '2阶红色装备1');
INSERT INTO `items` VALUES (37022, '2阶红色装备2');
INSERT INTO `items` VALUES (37023, '2阶红色装备3');
INSERT INTO `items` VALUES (37024, '2阶红色装备4');
INSERT INTO `items` VALUES (37025, '2阶红色装备5');
INSERT INTO `items` VALUES (37030, '3阶红色装备0');
INSERT INTO `items` VALUES (37031, '3阶红色装备1');
INSERT INTO `items` VALUES (37032, '3阶红色装备2');
INSERT INTO `items` VALUES (37033, '3阶红色装备3');
INSERT INTO `items` VALUES (37034, '3阶红色装备4');
INSERT INTO `items` VALUES (37035, '3阶红色装备5');
INSERT INTO `items` VALUES (37040, '4阶红色装备0');
INSERT INTO `items` VALUES (37041, '4阶红色装备1');
INSERT INTO `items` VALUES (37042, '4阶红色装备2');
INSERT INTO `items` VALUES (37043, '4阶红色装备3');
INSERT INTO `items` VALUES (37044, '4阶红色装备4');
INSERT INTO `items` VALUES (37045, '4阶红色装备5');
INSERT INTO `items` VALUES (37050, '5阶红色装备0');
INSERT INTO `items` VALUES (37051, '5阶红色装备1');
INSERT INTO `items` VALUES (37052, '5阶红色装备2');
INSERT INTO `items` VALUES (37053, '5阶红色装备3');
INSERT INTO `items` VALUES (37054, '5阶红色装备4');
INSERT INTO `items` VALUES (37055, '5阶红色装备5');
INSERT INTO `items` VALUES (37060, '6阶红色装备0');
INSERT INTO `items` VALUES (37061, '6阶红色装备1');
INSERT INTO `items` VALUES (37062, '6阶红色装备2');
INSERT INTO `items` VALUES (37063, '6阶红色装备3');
INSERT INTO `items` VALUES (37064, '6阶红色装备4');
INSERT INTO `items` VALUES (37065, '6阶红色装备5');
INSERT INTO `items` VALUES (37070, '7阶红色装备0');
INSERT INTO `items` VALUES (37071, '7阶红色装备1');
INSERT INTO `items` VALUES (37072, '7阶红色装备2');
INSERT INTO `items` VALUES (37073, '7阶红色装备3');
INSERT INTO `items` VALUES (37074, '7阶红色装备4');
INSERT INTO `items` VALUES (37075, '7阶红色装备5');
INSERT INTO `items` VALUES (37080, '8阶红色装备0');
INSERT INTO `items` VALUES (37081, '8阶红色装备1');
INSERT INTO `items` VALUES (37082, '8阶红色装备2');
INSERT INTO `items` VALUES (37083, '8阶红色装备3');
INSERT INTO `items` VALUES (37084, '8阶红色装备4');
INSERT INTO `items` VALUES (37085, '8阶红色装备5');
INSERT INTO `items` VALUES (37090, '9阶红色装备0');
INSERT INTO `items` VALUES (37091, '9阶红色装备1');
INSERT INTO `items` VALUES (37092, '9阶红色装备2');
INSERT INTO `items` VALUES (37093, '9阶红色装备3');
INSERT INTO `items` VALUES (37094, '9阶红色装备4');
INSERT INTO `items` VALUES (37095, '9阶红色装备5');
INSERT INTO `items` VALUES (37100, '10阶红色装备0');
INSERT INTO `items` VALUES (37101, '10阶红色装备1');
INSERT INTO `items` VALUES (37102, '10阶红色装备2');
INSERT INTO `items` VALUES (37103, '10阶红色装备3');
INSERT INTO `items` VALUES (37104, '10阶红色装备4');
INSERT INTO `items` VALUES (37105, '10阶红色装备5');

INSERT INTO `items` VALUES (100000, '内部道具');
INSERT INTO `items` VALUES (110058, '改名卡');
INSERT INTO `items` VALUES (119999, '减少pk值道具（免罚令）');
INSERT INTO `items` VALUES (125025, '抽奖卷');
INSERT INTO `items` VALUES (125026, '极品兑换卡');
INSERT INTO `items` VALUES (130006, '福袋');
INSERT INTO `items` VALUES (130007, '状元礼包');
INSERT INTO `items` VALUES (130008, '榜眼礼包');
INSERT INTO `items` VALUES (130009, '探花礼包');
INSERT INTO `items` VALUES (130010, '答题4~10礼包');
INSERT INTO `items` VALUES (130011, '参与礼包');
INSERT INTO `items` VALUES (130012, '挖宝礼包');
INSERT INTO `items` VALUES (130013, '中级挖宝礼包');
INSERT INTO `items` VALUES (130014, '高级挖宝礼包');
INSERT INTO `items` VALUES (130015, '答题10~20名礼包');
INSERT INTO `items` VALUES (130016, '答题20~50名礼包');
INSERT INTO `items` VALUES (130017, '答题50~100名礼包');
INSERT INTO `items` VALUES (130025, '进阶大礼包');
INSERT INTO `items` VALUES (130028, '成长礼包');
INSERT INTO `items` VALUES (130029, '二级三种宝石宝箱');
INSERT INTO `items` VALUES (130030, '三级三种宝石宝箱');
INSERT INTO `items` VALUES (130031, '四级三种宝石宝箱');
INSERT INTO `items` VALUES (130032, '五级三种宝石宝箱');
INSERT INTO `items` VALUES (130033, '兵器宝箱');
INSERT INTO `items` VALUES (130034, '一级绝学装备宝箱');
INSERT INTO `items` VALUES (130035, '二级绝学装备宝箱');
INSERT INTO `items` VALUES (130036, '三级绝学装备宝箱');
INSERT INTO `items` VALUES (130037, '四级绝学装备宝箱');
INSERT INTO `items` VALUES (130038, '五级绝学装备宝箱');
INSERT INTO `items` VALUES (130039, '六级绝学装备宝箱');
INSERT INTO `items` VALUES (130040, '七级绝学装备宝箱');
INSERT INTO `items` VALUES (130041, '八级绝学装备宝箱');
INSERT INTO `items` VALUES (130042, '九级绝学装备宝箱');
INSERT INTO `items` VALUES (130043, '十级绝学装备宝箱');
INSERT INTO `items` VALUES (130044, '珍稀宝箱');
INSERT INTO `items` VALUES (130045, '一级宝石宝箱');
INSERT INTO `items` VALUES (130046, '珍贵宝石箱');
INSERT INTO `items` VALUES (130055, '食材宝箱（展示用）');
INSERT INTO `items` VALUES (130056, '35级普通世界BOSS宝箱');
INSERT INTO `items` VALUES (130057, '45级普通世界BOSS宝箱');
INSERT INTO `items` VALUES (130058, '55级普通世界BOSS宝箱');
INSERT INTO `items` VALUES (130059, '65级普通世界BOSS宝箱');
INSERT INTO `items` VALUES (130060, '75级普通世界BOSS宝箱');
INSERT INTO `items` VALUES (130061, '85级普通世界BOSS宝箱');
INSERT INTO `items` VALUES (130062, '35级中级世界BOSS宝箱');
INSERT INTO `items` VALUES (130063, '45级中级世界BOSS宝箱');
INSERT INTO `items` VALUES (130064, '55级中级世界BOSS宝箱');
INSERT INTO `items` VALUES (130065, '65级中级世界BOSS宝箱');
INSERT INTO `items` VALUES (130066, '75级中级世界BOSS宝箱');
INSERT INTO `items` VALUES (130067, '85级中级世界BOSS宝箱');
INSERT INTO `items` VALUES (130068, '35级高级世界BOSS宝箱');
INSERT INTO `items` VALUES (130069, '45级高级世界BOSS宝箱');
INSERT INTO `items` VALUES (130070, '55级高级世界BOSS宝箱');
INSERT INTO `items` VALUES (130071, '65级高级世界BOSS宝箱');
INSERT INTO `items` VALUES (130072, '75级高级世界BOSS宝箱');
INSERT INTO `items` VALUES (130073, '85级高级世界BOSS宝箱');
INSERT INTO `items` VALUES (130074, '讨伐迦兰高级宝箱(和平)');
INSERT INTO `items` VALUES (130075, '讨伐迦兰高级宝箱(PK)');
INSERT INTO `items` VALUES (130076, '讨伐迦兰中级宝箱(和平)');
INSERT INTO `items` VALUES (130077, '讨伐迦兰中级宝箱(PK)');
INSERT INTO `items` VALUES (130078, '讨伐迦兰低级宝箱(和平)');
INSERT INTO `items` VALUES (130079, '讨伐迦兰低级宝箱(PK)');
INSERT INTO `items` VALUES (130080, '情缘礼包');
INSERT INTO `items` VALUES (130081, '绿色情缘道具礼包');
INSERT INTO `items` VALUES (130082, '蓝色情缘道具礼包');
INSERT INTO `items` VALUES (130083, '紫色情缘道具礼包');
INSERT INTO `items` VALUES (130084, '橙色情缘道具礼包');
INSERT INTO `items` VALUES (130085, 'VIP1等级周礼包');
INSERT INTO `items` VALUES (130086, 'VIP2等级周礼包');
INSERT INTO `items` VALUES (130087, 'VIP3等级周礼包');
INSERT INTO `items` VALUES (130088, 'VIP4等级周礼包');
INSERT INTO `items` VALUES (130089, 'VIP5等级周礼包');
INSERT INTO `items` VALUES (130090, 'VIP6等级周礼包');
INSERT INTO `items` VALUES (130091, 'VIP7等级周礼包');
INSERT INTO `items` VALUES (130092, 'VIP8等级周礼包');
INSERT INTO `items` VALUES (130093, 'VIP9等级周礼包');
INSERT INTO `items` VALUES (130094, 'VIP10等级周礼包');
INSERT INTO `items` VALUES (130095, 'VIP11等级周礼包');
INSERT INTO `items` VALUES (130096, 'VIP12等级周礼包');
INSERT INTO `items` VALUES (130097, 'VIP13等级周礼包');
INSERT INTO `items` VALUES (130098, 'VIP14等级周礼包');
INSERT INTO `items` VALUES (130099, 'VIP15等级周礼包');
INSERT INTO `items` VALUES (130100, 'VIP16等级周礼包');
INSERT INTO `items` VALUES (130101, 'VIP17等级周礼包');
INSERT INTO `items` VALUES (130102, 'VIP18等级周礼包');
INSERT INTO `items` VALUES (130103, 'VIP19等级周礼包');
INSERT INTO `items` VALUES (130104, 'VIP20等级周礼包');
INSERT INTO `items` VALUES (130047, '血战天策宝箱');
INSERT INTO `items` VALUES (130048, '血战天策宝箱');
INSERT INTO `items` VALUES (130049, '血战天策宝箱');
INSERT INTO `items` VALUES (130050, '血战天策宝箱');
INSERT INTO `items` VALUES (130051, '血战天策宝箱');
INSERT INTO `items` VALUES (130052, '血战天策宝箱');
INSERT INTO `items` VALUES (130053, '血战天策宝箱');
INSERT INTO `items` VALUES (130054, '血战天策宝箱');
INSERT INTO `items` VALUES (130105, '血战天策宝箱');
INSERT INTO `items` VALUES (130106, '血战天策宝箱');
INSERT INTO `items` VALUES (130107, '血战天策宝箱');
INSERT INTO `items` VALUES (130108, '血战天策宝箱');
INSERT INTO `items` VALUES (130109, '血战天策宝箱');
INSERT INTO `items` VALUES (130110, '血战天策宝箱');
INSERT INTO `items` VALUES (130111, '血战天策宝箱');
INSERT INTO `items` VALUES (130112, '血战天策宝箱');
INSERT INTO `items` VALUES (130113, '血战天策宝箱');
INSERT INTO `items` VALUES (130114, '血战天策宝箱');
INSERT INTO `items` VALUES (130115, '血战天策宝箱');
INSERT INTO `items` VALUES (130116, '血战天策宝箱');
INSERT INTO `items` VALUES (130117, '血战天策宝箱');
INSERT INTO `items` VALUES (130118, '血战天策宝箱');
INSERT INTO `items` VALUES (130119, '血战天策宝箱');
INSERT INTO `items` VALUES (130120, '血战天策宝箱');
INSERT INTO `items` VALUES (130121, '血战天策宝箱');
INSERT INTO `items` VALUES (130122, '血战天策宝箱');
INSERT INTO `items` VALUES (130123, '血战天策宝箱');
INSERT INTO `items` VALUES (130124, '血战天策宝箱');
INSERT INTO `items` VALUES (130125, '血战天策宝箱');
INSERT INTO `items` VALUES (130126, '血战天策宝箱');
INSERT INTO `items` VALUES (130127, '血战天策宝箱');
INSERT INTO `items` VALUES (130128, '血战天策宝箱');
INSERT INTO `items` VALUES (130129, '血战天策宝箱');
INSERT INTO `items` VALUES (130130, '血战天策宝箱');
INSERT INTO `items` VALUES (130131, '血战天策宝箱');
INSERT INTO `items` VALUES (130132, '血战天策宝箱');
INSERT INTO `items` VALUES (130133, '血战天策宝箱');
INSERT INTO `items` VALUES (130134, '血战天策宝箱');
INSERT INTO `items` VALUES (130135, '血战天策宝箱');
INSERT INTO `items` VALUES (130136, '血战天策宝箱');
INSERT INTO `items` VALUES (130212, '在线礼包');
INSERT INTO `items` VALUES (130213, '在线礼包');
INSERT INTO `items` VALUES (130214, '在线礼包');
INSERT INTO `items` VALUES (130215, '在线礼包');
INSERT INTO `items` VALUES (130216, '经验卡礼包');
INSERT INTO `items` VALUES (130217, '江湖第一帮礼包');
INSERT INTO `items` VALUES (130218, '组队普通通关宝箱');
INSERT INTO `items` VALUES (130219, '优秀通关宝箱');
INSERT INTO `items` VALUES (130220, '卓越通关宝箱');
INSERT INTO `items` VALUES (130221, '完美通关宝箱');
INSERT INTO `items` VALUES (130222, '一级宝石宝箱(暴闪）');
INSERT INTO `items` VALUES (130223, '一级攻防血宝石（必掉）');
INSERT INTO `items` VALUES (130224, '紫色美食随机礼包');
INSERT INTO `items` VALUES (130225, '橙色美食随机礼包');
INSERT INTO `items` VALUES (130226, '二级宝石宝箱(暴闪）');
INSERT INTO `items` VALUES (130227, '三级宝石宝箱(暴闪）');
INSERT INTO `items` VALUES (130228, '四级宝石宝箱(暴闪）');
INSERT INTO `items` VALUES (130229, '五级宝石宝箱(暴闪）');
INSERT INTO `items` VALUES (131000, 'C系1阶箱子');
INSERT INTO `items` VALUES (131001, 'C系2阶箱子');
INSERT INTO `items` VALUES (131002, 'C系3阶箱子');
INSERT INTO `items` VALUES (131003, 'C系4阶箱子');
INSERT INTO `items` VALUES (131004, 'C系5阶箱子');
INSERT INTO `items` VALUES (131005, 'C系6阶箱子');
INSERT INTO `items` VALUES (131006, 'C系7阶箱子');
INSERT INTO `items` VALUES (130300, '百姓宝箱');
INSERT INTO `items` VALUES (130301, '壮士宝箱');
INSERT INTO `items` VALUES (130302, '武夫宝箱');
INSERT INTO `items` VALUES (130303, '武士宝箱');
INSERT INTO `items` VALUES (130304, '少侠宝箱');
INSERT INTO `items` VALUES (130305, '大侠宝箱');
INSERT INTO `items` VALUES (130306, '豪侠宝箱');
INSERT INTO `items` VALUES (130307, '蓝色美食随机礼包');
INSERT INTO `items` VALUES (130308, '隐士宝箱');
INSERT INTO `items` VALUES (130309, '巅峰宝箱');
INSERT INTO `items` VALUES (130310, '霸主宝箱');
INSERT INTO `items` VALUES (130311, '1级五种宝石宝箱');
INSERT INTO `items` VALUES (130312, '2级五种宝石宝箱');
INSERT INTO `items` VALUES (130313, '3级五种宝石宝箱');
INSERT INTO `items` VALUES (130314, '4级五种宝石宝箱');
INSERT INTO `items` VALUES (130315, '5级五种宝石宝箱');
INSERT INTO `items` VALUES (130316, '6级五种宝石宝箱');
INSERT INTO `items` VALUES (130317, '7级五种宝石宝箱');
INSERT INTO `items` VALUES (130318, '8级五种宝石宝箱');
INSERT INTO `items` VALUES (130319, '9级五种宝石宝箱');
INSERT INTO `items` VALUES (130320, '10级五种宝石宝箱');
INSERT INTO `items` VALUES (130400, '时装飞升礼包');
INSERT INTO `items` VALUES (130401, '坐骑直升礼包');
INSERT INTO `items` VALUES (130402, '一二级宝石攻防血展示物品');
INSERT INTO `items` VALUES (130403, '坐骑宠物升级展示物品');
INSERT INTO `items` VALUES (130500, '全名福利LV35');
INSERT INTO `items` VALUES (130501, '全名福利LV40');
INSERT INTO `items` VALUES (130502, '全名福利LV45');
INSERT INTO `items` VALUES (130503, '全名福利LV50');
INSERT INTO `items` VALUES (130504, '全名福利LV55');
INSERT INTO `items` VALUES (130505, '全名福利LV60');
INSERT INTO `items` VALUES (130506, '双倍返利LV35');
INSERT INTO `items` VALUES (130507, '双倍返利LV40');
INSERT INTO `items` VALUES (130508, '双倍返利LV45');
INSERT INTO `items` VALUES (130509, '双倍返利LV50');
INSERT INTO `items` VALUES (130510, '双倍返利LV55');
INSERT INTO `items` VALUES (130511, '双倍返利LV60');
INSERT INTO `items` VALUES (130512, '等级飞升包LV35');
INSERT INTO `items` VALUES (130513, '等级飞升包LV40');
INSERT INTO `items` VALUES (130514, '幸运礼包LV45');
INSERT INTO `items` VALUES (130515, '幸运礼包LV50');
INSERT INTO `items` VALUES (130516, '幸运礼包LV55');
INSERT INTO `items` VALUES (130517, '幸运礼包LV60');
INSERT INTO `items` VALUES (130518, '兵器谱特惠LV35');
INSERT INTO `items` VALUES (130519, '兵器谱特惠LV40');
INSERT INTO `items` VALUES (130520, '兵器谱特惠LV45');
INSERT INTO `items` VALUES (130521, '兵器谱特惠LV50');
INSERT INTO `items` VALUES (130522, '美食飞升礼包LV55');
INSERT INTO `items` VALUES (130523, '兵器谱特惠LV60');
INSERT INTO `items` VALUES (130524, '战力成长包LV35');
INSERT INTO `items` VALUES (130525, '战力成长包LV40');
INSERT INTO `items` VALUES (130526, '战力成长包LV45');
INSERT INTO `items` VALUES (130527, '战力成长包LV50');
INSERT INTO `items` VALUES (130528, '战力成长包LV55');
INSERT INTO `items` VALUES (130529, '战力成长包LV60');
INSERT INTO `items` VALUES (130530, '轻功礼包');
INSERT INTO `items` VALUES (130531, '奇门礼包');
INSERT INTO `items` VALUES (130532, '挂件礼包');
INSERT INTO `items` VALUES (130533, '凝神礼包');
INSERT INTO `items` VALUES (130534, '百倍返利包Lv1');
INSERT INTO `items` VALUES (130535, '百倍返利包Lv2');
INSERT INTO `items` VALUES (130536, '技能书随机包');
INSERT INTO `items` VALUES (130537, '兵器精炼随机包');
INSERT INTO `items` VALUES (130538, '全名福利LV65');
INSERT INTO `items` VALUES (130539, '双倍返利LV65');
INSERT INTO `items` VALUES (130540, '美食飞升礼包LV65');
INSERT INTO `items` VALUES (130541, '血炼觉醒礼包LV65');
INSERT INTO `items` VALUES (130542, '战力成长包LV65');
INSERT INTO `items` VALUES (130600, 'pvp首位登顶宝箱');
INSERT INTO `items` VALUES (130601, 'pvp秘宝宝箱');
INSERT INTO `items` VALUES (130602, '兵器信物宝箱1');
INSERT INTO `items` VALUES (130603, '兵器信物宝箱2');
INSERT INTO `items` VALUES (130604, '兵器信物宝箱3');
INSERT INTO `items` VALUES (130700, '跨服1v1段位宝箱1');
INSERT INTO `items` VALUES (130701, '跨服1v1段位宝箱2');
INSERT INTO `items` VALUES (130702, '跨服1v1段位宝箱3');
INSERT INTO `items` VALUES (130703, '跨服1v1段位宝箱4');
INSERT INTO `items` VALUES (130704, '跨服1v1段位宝箱5');
INSERT INTO `items` VALUES (130705, '跨服1v1段位宝箱6');
INSERT INTO `items` VALUES (130706, '跨服1v1段位宝箱7');
INSERT INTO `items` VALUES (130707, '跨服1v1段位宝箱8');
INSERT INTO `items` VALUES (130708, '跨服1v1段位宝箱9');
INSERT INTO `items` VALUES (130800, '跨服3v3段位宝箱1');
INSERT INTO `items` VALUES (130801, '跨服3v3段位宝箱2');
INSERT INTO `items` VALUES (130802, '跨服3v3段位宝箱3');
INSERT INTO `items` VALUES (130803, '跨服3v3段位宝箱4');
INSERT INTO `items` VALUES (130804, '跨服3v3段位宝箱5');
INSERT INTO `items` VALUES (130805, '跨服3v3段位宝箱6');
INSERT INTO `items` VALUES (130806, '跨服3v3段位宝箱7');
INSERT INTO `items` VALUES (130807, '跨服3v3段位宝箱8');
INSERT INTO `items` VALUES (130808, '跨服3v3段位宝箱9');
INSERT INTO `items` VALUES (135000, 'BOSS神殿礼包小');
INSERT INTO `items` VALUES (135001, 'BOSS神殿礼包中');
INSERT INTO `items` VALUES (135002, 'BOSS神殿礼包大');
INSERT INTO `items` VALUES (135003, 'BOSS神殿礼包终极');
INSERT INTO `items` VALUES (136000, '95级普通世界BOSS宝箱');
INSERT INTO `items` VALUES (136001, '95级中级世界BOSS宝箱');
INSERT INTO `items` VALUES (136002, '95级高级世界BOSS宝箱');
INSERT INTO `items` VALUES (145001, '青金铭石');
INSERT INTO `items` VALUES (145002, '玄金铭石');
INSERT INTO `items` VALUES (145003, '紫玉符文');
INSERT INTO `items` VALUES (145004, '金玉符文');
INSERT INTO `items` VALUES (145005, '玄玉符文');
INSERT INTO `items` VALUES (145006, '升灵符文');
INSERT INTO `items` VALUES (148000, '《情·上邪》');
INSERT INTO `items` VALUES (148001, '《情·上邪》');
INSERT INTO `items` VALUES (148002, '《情·上邪》');
INSERT INTO `items` VALUES (148003, '《情·上邪》');
INSERT INTO `items` VALUES (148004, '《情·相思》');
INSERT INTO `items` VALUES (148005, '《情·相思》');
INSERT INTO `items` VALUES (148006, '《情·相思》');
INSERT INTO `items` VALUES (148007, '《情·相思》');
INSERT INTO `items` VALUES (148008, '《情·离思》');
INSERT INTO `items` VALUES (148009, '《情·离思》');
INSERT INTO `items` VALUES (148010, '《情·离思》');
INSERT INTO `items` VALUES (148011, '《情·离思》');
INSERT INTO `items` VALUES (148012, '《情·灵犀角 》');
INSERT INTO `items` VALUES (148013, '《情·灵犀角 》');
INSERT INTO `items` VALUES (148014, '《情·灵犀角 》');
INSERT INTO `items` VALUES (148015, '《情·灵犀角 》');
INSERT INTO `items` VALUES (148016, '《情·彩凤翼》');
INSERT INTO `items` VALUES (148017, '《情·彩凤翼》');
INSERT INTO `items` VALUES (148018, '《情·彩凤翼》');
INSERT INTO `items` VALUES (148019, '《情·彩凤翼》');
INSERT INTO `items` VALUES (148020, '《情·连理枝》');
INSERT INTO `items` VALUES (148021, '《情·连理枝》');
INSERT INTO `items` VALUES (148022, '《情·连理枝》');
INSERT INTO `items` VALUES (148023, '《情·连理枝》');
INSERT INTO `items` VALUES (148024, '《情·守身玉》');
INSERT INTO `items` VALUES (148025, '《情·守身玉》');
INSERT INTO `items` VALUES (148026, '《情·守身玉》');
INSERT INTO `items` VALUES (148027, '《情·守身玉》');
INSERT INTO `items` VALUES (148028, '《情·沧海佩》');
INSERT INTO `items` VALUES (148029, '《情·沧海佩》');
INSERT INTO `items` VALUES (148030, '《情·沧海佩》');
INSERT INTO `items` VALUES (148031, '《情·沧海佩》');
INSERT INTO `items` VALUES (148032, '《情·同心结》');
INSERT INTO `items` VALUES (148033, '《情·同心结》');
INSERT INTO `items` VALUES (148034, '《情·同心结》');
INSERT INTO `items` VALUES (148035, '《情·同心结》');
INSERT INTO `items` VALUES (148036, '《情·高山流水》');
INSERT INTO `items` VALUES (148037, '《情·高山流水》');
INSERT INTO `items` VALUES (148038, '《情·高山流水》');
INSERT INTO `items` VALUES (148039, '《情·高山流水》');
INSERT INTO `items` VALUES (148040, '《情·瑶琴》');
INSERT INTO `items` VALUES (148041, '《情·瑶琴》');
INSERT INTO `items` VALUES (148042, '《情·瑶琴》');
INSERT INTO `items` VALUES (148043, '《情·瑶琴》');
INSERT INTO `items` VALUES (148044, '《情·望夫石》');
INSERT INTO `items` VALUES (148045, '《情·望夫石》');
INSERT INTO `items` VALUES (148046, '《情·望夫石》');
INSERT INTO `items` VALUES (148047, '《情·望夫石》');
INSERT INTO `items` VALUES (148048, '情缘收集道具49');
INSERT INTO `items` VALUES (148049, '情缘收集道具50');
INSERT INTO `items` VALUES (148050, '情缘收集道具51');
INSERT INTO `items` VALUES (148051, '情缘收集道具52');
INSERT INTO `items` VALUES (148052, '情缘收集道具53');
INSERT INTO `items` VALUES (148053, '情缘收集道具54');
INSERT INTO `items` VALUES (148054, '情缘收集道具55');
INSERT INTO `items` VALUES (148055, '情缘收集道具56');
INSERT INTO `items` VALUES (148056, '情缘收集道具57');
INSERT INTO `items` VALUES (148057, '情缘收集道具58');
INSERT INTO `items` VALUES (148058, '情缘收集道具59');
INSERT INTO `items` VALUES (148059, '情缘收集道具60');
INSERT INTO `items` VALUES (150000, 'VIP经验(200)');
INSERT INTO `items` VALUES (150001, 'VIP经验(300)');
INSERT INTO `items` VALUES (150002, 'VIP经验(500)');
INSERT INTO `items` VALUES (150006, '追杀令');
INSERT INTO `items` VALUES (150009, '还魂丹');
INSERT INTO `items` VALUES (150010, '传送鞋');
INSERT INTO `items` VALUES (150011, 'VIP经验(90)');
INSERT INTO `items` VALUES (150012, 'VIP经验(10)');
INSERT INTO `items` VALUES (150013, 'VIP经验(100)');
INSERT INTO `items` VALUES (150014, 'VIP经验(1000)');
INSERT INTO `items` VALUES (150016, '行商令');
INSERT INTO `items` VALUES (150017, '讨伐令');
INSERT INTO `items` VALUES (150018, '玫瑰花');
INSERT INTO `items` VALUES (150019, '画卷');
INSERT INTO `items` VALUES (150020, '香囊');
INSERT INTO `items` VALUES (150021, '鸳鸯结');
INSERT INTO `items` VALUES (150022, '同心锁');
INSERT INTO `items` VALUES (150023, '相思豆');
INSERT INTO `items` VALUES (150024, '相思泪');
INSERT INTO `items` VALUES (150025, '洗练石');
INSERT INTO `items` VALUES (150107, '跨服喇叭');
INSERT INTO `items` VALUES (150108, '天降神兵');
INSERT INTO `items` VALUES (150109, '开服7天战力榜第1称号');
INSERT INTO `items` VALUES (150110, '累计登录3天称号(剑侠情缘）');
INSERT INTO `items` VALUES (150111, 'vip2档送称号（名扬四海）');
INSERT INTO `items` VALUES (150112, '装神弄鬼（万圣节称号）');
INSERT INTO `items` VALUES (150113, 'TGP武尊');
INSERT INTO `items` VALUES (150114, 'QQ游戏风云客(大厅)');
INSERT INTO `items` VALUES (150115, '空间游戏侠圣');
INSERT INTO `items` VALUES (150116, '国色天香');
INSERT INTO `items` VALUES (150117, '冰雪奇侠');

INSERT INTO `items` VALUES (150900, '世界boss排名奖励');
INSERT INTO `items` VALUES (150901, '世界boss致命一击');
INSERT INTO `items` VALUES (150902, '世界boss掉落');
INSERT INTO `items` VALUES (150903, '王帮排行称号（帮主）浩气盟');
INSERT INTO `items` VALUES (150904, '王帮排行称号（副帮主）浩气盟');
INSERT INTO `items` VALUES (150905, '王帮排行称号（成员）浩气盟');
INSERT INTO `items` VALUES (150906, '王帮排行称号（帮主）恶人谷');
INSERT INTO `items` VALUES (150907, '王帮排行称号（副帮主）恶人谷');
INSERT INTO `items` VALUES (150908, '王帮排行称号（成员）恶人谷');
INSERT INTO `items` VALUES (150909, '神仙眷侣（称号）');
INSERT INTO `items` VALUES (150910, '巅峰王者（决战昆仑首登称号）');
INSERT INTO `items` VALUES (150911, '乱世杀星（决战昆仑积分称号）');

INSERT INTO `items` VALUES (230010, '1级蓝色装备0');
INSERT INTO `items` VALUES (230011, '1级蓝色装备1');
INSERT INTO `items` VALUES (230012, '1级蓝色装备2');
INSERT INTO `items` VALUES (230013, '1级蓝色装备3');
INSERT INTO `items` VALUES (230014, '1级蓝色装备4');
INSERT INTO `items` VALUES (230015, '1级蓝色装备5');
INSERT INTO `items` VALUES (230016, '1级蓝色装备6');
INSERT INTO `items` VALUES (230017, '1级蓝色装备7');
INSERT INTO `items` VALUES (230018, '1级蓝色装备8');
INSERT INTO `items` VALUES (230019, '1级蓝色装备9');
INSERT INTO `items` VALUES (230200, '20级蓝色装备0');
INSERT INTO `items` VALUES (230201, '20级蓝色装备1');
INSERT INTO `items` VALUES (230202, '20级蓝色装备2');
INSERT INTO `items` VALUES (230203, '20级蓝色装备3');
INSERT INTO `items` VALUES (230204, '20级蓝色装备4');
INSERT INTO `items` VALUES (230205, '20级蓝色装备5');
INSERT INTO `items` VALUES (230206, '20级蓝色装备6');
INSERT INTO `items` VALUES (230207, '20级蓝色装备7');
INSERT INTO `items` VALUES (230208, '20级蓝色装备8');
INSERT INTO `items` VALUES (230209, '20级蓝色装备9');
INSERT INTO `items` VALUES (230400, '40级蓝色装备0');
INSERT INTO `items` VALUES (230401, '40级蓝色装备1');
INSERT INTO `items` VALUES (230402, '40级蓝色装备2');
INSERT INTO `items` VALUES (230403, '40级蓝色装备3');
INSERT INTO `items` VALUES (230404, '40级蓝色装备4');
INSERT INTO `items` VALUES (230405, '40级蓝色装备5');
INSERT INTO `items` VALUES (230406, '40级蓝色装备6');
INSERT INTO `items` VALUES (230407, '40级蓝色装备7');
INSERT INTO `items` VALUES (230408, '40级蓝色装备8');
INSERT INTO `items` VALUES (230409, '40级蓝色装备9');
INSERT INTO `items` VALUES (230600, '60级蓝色装备0');
INSERT INTO `items` VALUES (230601, '60级蓝色装备1');
INSERT INTO `items` VALUES (230602, '60级蓝色装备2');
INSERT INTO `items` VALUES (230603, '60级蓝色装备3');
INSERT INTO `items` VALUES (230604, '60级蓝色装备4');
INSERT INTO `items` VALUES (230605, '60级蓝色装备5');
INSERT INTO `items` VALUES (230606, '60级蓝色装备6');
INSERT INTO `items` VALUES (230607, '60级蓝色装备7');
INSERT INTO `items` VALUES (230608, '60级蓝色装备8');
INSERT INTO `items` VALUES (230609, '60级蓝色装备9');
INSERT INTO `items` VALUES (230800, '80级蓝色装备0');
INSERT INTO `items` VALUES (230801, '80级蓝色装备1');
INSERT INTO `items` VALUES (230802, '80级蓝色装备2');
INSERT INTO `items` VALUES (230803, '80级蓝色装备3');
INSERT INTO `items` VALUES (230804, '80级蓝色装备4');
INSERT INTO `items` VALUES (230805, '80级蓝色装备5');
INSERT INTO `items` VALUES (230806, '80级蓝色装备6');
INSERT INTO `items` VALUES (230807, '80级蓝色装备7');
INSERT INTO `items` VALUES (230808, '80级蓝色装备8');
INSERT INTO `items` VALUES (230809, '80级蓝色装备9');
INSERT INTO `items` VALUES (231000, '100级蓝色装备0');
INSERT INTO `items` VALUES (231001, '100级蓝色装备1');
INSERT INTO `items` VALUES (231002, '100级蓝色装备2');
INSERT INTO `items` VALUES (231003, '100级蓝色装备3');
INSERT INTO `items` VALUES (231004, '100级蓝色装备4');
INSERT INTO `items` VALUES (231005, '100级蓝色装备5');
INSERT INTO `items` VALUES (231006, '100级蓝色装备6');
INSERT INTO `items` VALUES (231007, '100级蓝色装备7');
INSERT INTO `items` VALUES (231008, '100级蓝色装备8');
INSERT INTO `items` VALUES (231009, '100级蓝色装备9');
INSERT INTO `items` VALUES (330010, '1转蓝色装备0');
INSERT INTO `items` VALUES (330011, '1转蓝色装备1');
INSERT INTO `items` VALUES (330012, '1转蓝色装备2');
INSERT INTO `items` VALUES (330013, '1转蓝色装备3');
INSERT INTO `items` VALUES (330014, '1转蓝色装备4');
INSERT INTO `items` VALUES (330015, '1转蓝色装备5');
INSERT INTO `items` VALUES (330016, '1转蓝色装备6');
INSERT INTO `items` VALUES (330017, '1转蓝色装备7');
INSERT INTO `items` VALUES (330018, '1转蓝色装备8');
INSERT INTO `items` VALUES (330019, '1转蓝色装备9');
INSERT INTO `items` VALUES (330020, '2转蓝色装备0');
INSERT INTO `items` VALUES (330021, '2转蓝色装备1');
INSERT INTO `items` VALUES (330022, '2转蓝色装备2');
INSERT INTO `items` VALUES (330023, '2转蓝色装备3');
INSERT INTO `items` VALUES (330024, '2转蓝色装备4');
INSERT INTO `items` VALUES (330025, '2转蓝色装备5');
INSERT INTO `items` VALUES (330026, '2转蓝色装备6');
INSERT INTO `items` VALUES (330027, '2转蓝色装备7');
INSERT INTO `items` VALUES (330028, '2转蓝色装备8');
INSERT INTO `items` VALUES (330029, '2转蓝色装备9');
INSERT INTO `items` VALUES (330030, '3转蓝色装备0');
INSERT INTO `items` VALUES (330031, '3转蓝色装备1');
INSERT INTO `items` VALUES (330032, '3转蓝色装备2');
INSERT INTO `items` VALUES (330033, '3转蓝色装备3');
INSERT INTO `items` VALUES (330034, '3转蓝色装备4');
INSERT INTO `items` VALUES (330035, '3转蓝色装备5');
INSERT INTO `items` VALUES (330036, '3转蓝色装备6');
INSERT INTO `items` VALUES (330037, '3转蓝色装备7');
INSERT INTO `items` VALUES (330038, '3转蓝色装备8');
INSERT INTO `items` VALUES (330039, '3转蓝色装备9');
INSERT INTO `items` VALUES (330040, '4转蓝色装备0');
INSERT INTO `items` VALUES (330041, '4转蓝色装备1');
INSERT INTO `items` VALUES (330042, '4转蓝色装备2');
INSERT INTO `items` VALUES (330043, '4转蓝色装备3');
INSERT INTO `items` VALUES (330044, '4转蓝色装备4');
INSERT INTO `items` VALUES (330045, '4转蓝色装备5');
INSERT INTO `items` VALUES (330046, '4转蓝色装备6');
INSERT INTO `items` VALUES (330047, '4转蓝色装备7');
INSERT INTO `items` VALUES (330048, '4转蓝色装备8');
INSERT INTO `items` VALUES (330049, '4转蓝色装备9');
INSERT INTO `items` VALUES (330050, '5转蓝色装备0');
INSERT INTO `items` VALUES (330051, '5转蓝色装备1');
INSERT INTO `items` VALUES (330052, '5转蓝色装备2');
INSERT INTO `items` VALUES (330053, '5转蓝色装备3');
INSERT INTO `items` VALUES (330054, '5转蓝色装备4');
INSERT INTO `items` VALUES (330055, '5转蓝色装备5');
INSERT INTO `items` VALUES (330056, '5转蓝色装备6');
INSERT INTO `items` VALUES (330057, '5转蓝色装备7');
INSERT INTO `items` VALUES (330058, '5转蓝色装备8');
INSERT INTO `items` VALUES (330059, '5转蓝色装备9');
INSERT INTO `items` VALUES (330060, '6转蓝色装备0');
INSERT INTO `items` VALUES (330061, '6转蓝色装备1');
INSERT INTO `items` VALUES (330062, '6转蓝色装备2');
INSERT INTO `items` VALUES (330063, '6转蓝色装备3');
INSERT INTO `items` VALUES (330064, '6转蓝色装备4');
INSERT INTO `items` VALUES (330065, '6转蓝色装备5');
INSERT INTO `items` VALUES (330066, '6转蓝色装备6');
INSERT INTO `items` VALUES (330067, '6转蓝色装备7');
INSERT INTO `items` VALUES (330068, '6转蓝色装备8');
INSERT INTO `items` VALUES (330069, '6转蓝色装备9');
INSERT INTO `items` VALUES (330070, '7转蓝色装备0');
INSERT INTO `items` VALUES (330071, '7转蓝色装备1');
INSERT INTO `items` VALUES (330072, '7转蓝色装备2');
INSERT INTO `items` VALUES (330073, '7转蓝色装备3');
INSERT INTO `items` VALUES (330074, '7转蓝色装备4');
INSERT INTO `items` VALUES (330075, '7转蓝色装备5');
INSERT INTO `items` VALUES (330076, '7转蓝色装备6');
INSERT INTO `items` VALUES (330077, '7转蓝色装备7');
INSERT INTO `items` VALUES (330078, '7转蓝色装备8');
INSERT INTO `items` VALUES (330079, '7转蓝色装备9');
INSERT INTO `items` VALUES (330080, '8转蓝色装备0');
INSERT INTO `items` VALUES (330081, '8转蓝色装备1');
INSERT INTO `items` VALUES (330082, '8转蓝色装备2');
INSERT INTO `items` VALUES (330083, '8转蓝色装备3');
INSERT INTO `items` VALUES (330084, '8转蓝色装备4');
INSERT INTO `items` VALUES (330085, '8转蓝色装备5');
INSERT INTO `items` VALUES (330086, '8转蓝色装备6');
INSERT INTO `items` VALUES (330087, '8转蓝色装备7');
INSERT INTO `items` VALUES (330088, '8转蓝色装备8');
INSERT INTO `items` VALUES (330089, '8转蓝色装备9');
INSERT INTO `items` VALUES (330090, '9转蓝色装备0');
INSERT INTO `items` VALUES (330091, '9转蓝色装备1');
INSERT INTO `items` VALUES (330092, '9转蓝色装备2');
INSERT INTO `items` VALUES (330093, '9转蓝色装备3');
INSERT INTO `items` VALUES (330094, '9转蓝色装备4');
INSERT INTO `items` VALUES (330095, '9转蓝色装备5');
INSERT INTO `items` VALUES (330096, '9转蓝色装备6');
INSERT INTO `items` VALUES (330097, '9转蓝色装备7');
INSERT INTO `items` VALUES (330098, '9转蓝色装备8');
INSERT INTO `items` VALUES (330099, '9转蓝色装备9');
INSERT INTO `items` VALUES (330100, '10转蓝色装备0');
INSERT INTO `items` VALUES (330101, '10转蓝色装备1');
INSERT INTO `items` VALUES (330102, '10转蓝色装备2');
INSERT INTO `items` VALUES (330103, '10转蓝色装备3');
INSERT INTO `items` VALUES (330104, '10转蓝色装备4');
INSERT INTO `items` VALUES (330105, '10转蓝色装备5');
INSERT INTO `items` VALUES (330106, '10转蓝色装备6');
INSERT INTO `items` VALUES (330107, '10转蓝色装备7');
INSERT INTO `items` VALUES (330108, '10转蓝色装备8');
INSERT INTO `items` VALUES (330109, '10转蓝色装备9');
INSERT INTO `items` VALUES (330110, '11转蓝色装备0');
INSERT INTO `items` VALUES (330111, '11转蓝色装备1');
INSERT INTO `items` VALUES (330112, '11转蓝色装备2');
INSERT INTO `items` VALUES (330113, '11转蓝色装备3');
INSERT INTO `items` VALUES (330114, '11转蓝色装备4');
INSERT INTO `items` VALUES (330115, '11转蓝色装备5');
INSERT INTO `items` VALUES (330116, '11转蓝色装备6');
INSERT INTO `items` VALUES (330117, '11转蓝色装备7');
INSERT INTO `items` VALUES (330118, '11转蓝色装备8');
INSERT INTO `items` VALUES (330119, '11转蓝色装备9');
INSERT INTO `items` VALUES (330120, '12转蓝色装备0');
INSERT INTO `items` VALUES (330121, '12转蓝色装备1');
INSERT INTO `items` VALUES (330122, '12转蓝色装备2');
INSERT INTO `items` VALUES (330123, '12转蓝色装备3');
INSERT INTO `items` VALUES (330124, '12转蓝色装备4');
INSERT INTO `items` VALUES (330125, '12转蓝色装备5');
INSERT INTO `items` VALUES (330126, '12转蓝色装备6');
INSERT INTO `items` VALUES (330127, '12转蓝色装备7');
INSERT INTO `items` VALUES (330128, '12转蓝色装备8');
INSERT INTO `items` VALUES (330129, '12转蓝色装备9');
INSERT INTO `items` VALUES (330130, '13转蓝色装备0');
INSERT INTO `items` VALUES (330131, '13转蓝色装备1');
INSERT INTO `items` VALUES (330132, '13转蓝色装备2');
INSERT INTO `items` VALUES (330133, '13转蓝色装备3');
INSERT INTO `items` VALUES (330134, '13转蓝色装备4');
INSERT INTO `items` VALUES (330135, '13转蓝色装备5');
INSERT INTO `items` VALUES (330136, '13转蓝色装备6');
INSERT INTO `items` VALUES (330137, '13转蓝色装备7');
INSERT INTO `items` VALUES (330138, '13转蓝色装备8');
INSERT INTO `items` VALUES (330139, '13转蓝色装备9');
INSERT INTO `items` VALUES (330140, '14转蓝色装备0');
INSERT INTO `items` VALUES (330141, '14转蓝色装备1');
INSERT INTO `items` VALUES (330142, '14转蓝色装备2');
INSERT INTO `items` VALUES (330143, '14转蓝色装备3');
INSERT INTO `items` VALUES (330144, '14转蓝色装备4');
INSERT INTO `items` VALUES (330145, '14转蓝色装备5');
INSERT INTO `items` VALUES (330146, '14转蓝色装备6');
INSERT INTO `items` VALUES (330147, '14转蓝色装备7');
INSERT INTO `items` VALUES (330148, '14转蓝色装备8');
INSERT INTO `items` VALUES (330149, '14转蓝色装备9');
INSERT INTO `items` VALUES (330150, '15转蓝色装备0');
INSERT INTO `items` VALUES (330151, '15转蓝色装备1');
INSERT INTO `items` VALUES (330152, '15转蓝色装备2');
INSERT INTO `items` VALUES (330153, '15转蓝色装备3');
INSERT INTO `items` VALUES (330154, '15转蓝色装备4');
INSERT INTO `items` VALUES (330155, '15转蓝色装备5');
INSERT INTO `items` VALUES (330156, '15转蓝色装备6');
INSERT INTO `items` VALUES (330157, '15转蓝色装备7');
INSERT INTO `items` VALUES (330158, '15转蓝色装备8');
INSERT INTO `items` VALUES (330159, '15转蓝色装备9');
INSERT INTO `items` VALUES (240010, '1级紫色装备0');
INSERT INTO `items` VALUES (240011, '1级紫色装备1');
INSERT INTO `items` VALUES (240012, '1级紫色装备2');
INSERT INTO `items` VALUES (240013, '1级紫色装备3');
INSERT INTO `items` VALUES (240014, '1级紫色装备4');
INSERT INTO `items` VALUES (240015, '1级紫色装备5');
INSERT INTO `items` VALUES (240016, '1级紫色装备6');
INSERT INTO `items` VALUES (240017, '1级紫色装备7');
INSERT INTO `items` VALUES (240018, '1级紫色装备8');
INSERT INTO `items` VALUES (240019, '1级紫色装备9');
INSERT INTO `items` VALUES (240200, '20级紫色装备0');
INSERT INTO `items` VALUES (240201, '20级紫色装备1');
INSERT INTO `items` VALUES (240202, '20级紫色装备2');
INSERT INTO `items` VALUES (240203, '20级紫色装备3');
INSERT INTO `items` VALUES (240204, '20级紫色装备4');
INSERT INTO `items` VALUES (240205, '20级紫色装备5');
INSERT INTO `items` VALUES (240206, '20级紫色装备6');
INSERT INTO `items` VALUES (240207, '20级紫色装备7');
INSERT INTO `items` VALUES (240208, '20级紫色装备8');
INSERT INTO `items` VALUES (240209, '20级紫色装备9');
INSERT INTO `items` VALUES (240400, '40级紫色装备0');
INSERT INTO `items` VALUES (240401, '40级紫色装备1');
INSERT INTO `items` VALUES (240402, '40级紫色装备2');
INSERT INTO `items` VALUES (240403, '40级紫色装备3');
INSERT INTO `items` VALUES (240404, '40级紫色装备4');
INSERT INTO `items` VALUES (240405, '40级紫色装备5');
INSERT INTO `items` VALUES (240406, '40级紫色装备6');
INSERT INTO `items` VALUES (240407, '40级紫色装备7');
INSERT INTO `items` VALUES (240408, '40级紫色装备8');
INSERT INTO `items` VALUES (240409, '40级紫色装备9');
INSERT INTO `items` VALUES (240600, '60级紫色装备0');
INSERT INTO `items` VALUES (240601, '60级紫色装备1');
INSERT INTO `items` VALUES (240602, '60级紫色装备2');
INSERT INTO `items` VALUES (240603, '60级紫色装备3');
INSERT INTO `items` VALUES (240604, '60级紫色装备4');
INSERT INTO `items` VALUES (240605, '60级紫色装备5');
INSERT INTO `items` VALUES (240606, '60级紫色装备6');
INSERT INTO `items` VALUES (240607, '60级紫色装备7');
INSERT INTO `items` VALUES (240608, '60级紫色装备8');
INSERT INTO `items` VALUES (240609, '60级紫色装备9');
INSERT INTO `items` VALUES (240800, '80级紫色装备0');
INSERT INTO `items` VALUES (240801, '80级紫色装备1');
INSERT INTO `items` VALUES (240802, '80级紫色装备2');
INSERT INTO `items` VALUES (240803, '80级紫色装备3');
INSERT INTO `items` VALUES (240804, '80级紫色装备4');
INSERT INTO `items` VALUES (240805, '80级紫色装备5');
INSERT INTO `items` VALUES (240806, '80级紫色装备6');
INSERT INTO `items` VALUES (240807, '80级紫色装备7');
INSERT INTO `items` VALUES (240808, '80级紫色装备8');
INSERT INTO `items` VALUES (240809, '80级紫色装备9');
INSERT INTO `items` VALUES (241000, '100级紫色装备0');
INSERT INTO `items` VALUES (241001, '100级紫色装备1');
INSERT INTO `items` VALUES (241002, '100级紫色装备2');
INSERT INTO `items` VALUES (241003, '100级紫色装备3');
INSERT INTO `items` VALUES (241004, '100级紫色装备4');
INSERT INTO `items` VALUES (241005, '100级紫色装备5');
INSERT INTO `items` VALUES (241006, '100级紫色装备6');
INSERT INTO `items` VALUES (241007, '100级紫色装备7');
INSERT INTO `items` VALUES (241008, '100级紫色装备8');
INSERT INTO `items` VALUES (241009, '100级紫色装备9');
INSERT INTO `items` VALUES (340010, '1转紫色装备0');
INSERT INTO `items` VALUES (340011, '1转紫色装备1');
INSERT INTO `items` VALUES (340012, '1转紫色装备2');
INSERT INTO `items` VALUES (340013, '1转紫色装备3');
INSERT INTO `items` VALUES (340014, '1转紫色装备4');
INSERT INTO `items` VALUES (340015, '1转紫色装备5');
INSERT INTO `items` VALUES (340016, '1转紫色装备6');
INSERT INTO `items` VALUES (340017, '1转紫色装备7');
INSERT INTO `items` VALUES (340018, '1转紫色装备8');
INSERT INTO `items` VALUES (340019, '1转紫色装备9');
INSERT INTO `items` VALUES (340020, '2转紫色装备0');
INSERT INTO `items` VALUES (340021, '2转紫色装备1');
INSERT INTO `items` VALUES (340022, '2转紫色装备2');
INSERT INTO `items` VALUES (340023, '2转紫色装备3');
INSERT INTO `items` VALUES (340024, '2转紫色装备4');
INSERT INTO `items` VALUES (340025, '2转紫色装备5');
INSERT INTO `items` VALUES (340026, '2转紫色装备6');
INSERT INTO `items` VALUES (340027, '2转紫色装备7');
INSERT INTO `items` VALUES (340028, '2转紫色装备8');
INSERT INTO `items` VALUES (340029, '2转紫色装备9');
INSERT INTO `items` VALUES (340030, '3转紫色装备0');
INSERT INTO `items` VALUES (340031, '3转紫色装备1');
INSERT INTO `items` VALUES (340032, '3转紫色装备2');
INSERT INTO `items` VALUES (340033, '3转紫色装备3');
INSERT INTO `items` VALUES (340034, '3转紫色装备4');
INSERT INTO `items` VALUES (340035, '3转紫色装备5');
INSERT INTO `items` VALUES (340036, '3转紫色装备6');
INSERT INTO `items` VALUES (340037, '3转紫色装备7');
INSERT INTO `items` VALUES (340038, '3转紫色装备8');
INSERT INTO `items` VALUES (340039, '3转紫色装备9');
INSERT INTO `items` VALUES (340040, '4转紫色装备0');
INSERT INTO `items` VALUES (340041, '4转紫色装备1');
INSERT INTO `items` VALUES (340042, '4转紫色装备2');
INSERT INTO `items` VALUES (340043, '4转紫色装备3');
INSERT INTO `items` VALUES (340044, '4转紫色装备4');
INSERT INTO `items` VALUES (340045, '4转紫色装备5');
INSERT INTO `items` VALUES (340046, '4转紫色装备6');
INSERT INTO `items` VALUES (340047, '4转紫色装备7');
INSERT INTO `items` VALUES (340048, '4转紫色装备8');
INSERT INTO `items` VALUES (340049, '4转紫色装备9');
INSERT INTO `items` VALUES (340050, '5转紫色装备0');
INSERT INTO `items` VALUES (340051, '5转紫色装备1');
INSERT INTO `items` VALUES (340052, '5转紫色装备2');
INSERT INTO `items` VALUES (340053, '5转紫色装备3');
INSERT INTO `items` VALUES (340054, '5转紫色装备4');
INSERT INTO `items` VALUES (340055, '5转紫色装备5');
INSERT INTO `items` VALUES (340056, '5转紫色装备6');
INSERT INTO `items` VALUES (340057, '5转紫色装备7');
INSERT INTO `items` VALUES (340058, '5转紫色装备8');
INSERT INTO `items` VALUES (340059, '5转紫色装备9');
INSERT INTO `items` VALUES (340060, '6转紫色装备0');
INSERT INTO `items` VALUES (340061, '6转紫色装备1');
INSERT INTO `items` VALUES (340062, '6转紫色装备2');
INSERT INTO `items` VALUES (340063, '6转紫色装备3');
INSERT INTO `items` VALUES (340064, '6转紫色装备4');
INSERT INTO `items` VALUES (340065, '6转紫色装备5');
INSERT INTO `items` VALUES (340066, '6转紫色装备6');
INSERT INTO `items` VALUES (340067, '6转紫色装备7');
INSERT INTO `items` VALUES (340068, '6转紫色装备8');
INSERT INTO `items` VALUES (340069, '6转紫色装备9');
INSERT INTO `items` VALUES (340070, '7转紫色装备0');
INSERT INTO `items` VALUES (340071, '7转紫色装备1');
INSERT INTO `items` VALUES (340072, '7转紫色装备2');
INSERT INTO `items` VALUES (340073, '7转紫色装备3');
INSERT INTO `items` VALUES (340074, '7转紫色装备4');
INSERT INTO `items` VALUES (340075, '7转紫色装备5');
INSERT INTO `items` VALUES (340076, '7转紫色装备6');
INSERT INTO `items` VALUES (340077, '7转紫色装备7');
INSERT INTO `items` VALUES (340078, '7转紫色装备8');
INSERT INTO `items` VALUES (340079, '7转紫色装备9');
INSERT INTO `items` VALUES (340080, '8转紫色装备0');
INSERT INTO `items` VALUES (340081, '8转紫色装备1');
INSERT INTO `items` VALUES (340082, '8转紫色装备2');
INSERT INTO `items` VALUES (340083, '8转紫色装备3');
INSERT INTO `items` VALUES (340084, '8转紫色装备4');
INSERT INTO `items` VALUES (340085, '8转紫色装备5');
INSERT INTO `items` VALUES (340086, '8转紫色装备6');
INSERT INTO `items` VALUES (340087, '8转紫色装备7');
INSERT INTO `items` VALUES (340088, '8转紫色装备8');
INSERT INTO `items` VALUES (340089, '8转紫色装备9');
INSERT INTO `items` VALUES (340090, '9转紫色装备0');
INSERT INTO `items` VALUES (340091, '9转紫色装备1');
INSERT INTO `items` VALUES (340092, '9转紫色装备2');
INSERT INTO `items` VALUES (340093, '9转紫色装备3');
INSERT INTO `items` VALUES (340094, '9转紫色装备4');
INSERT INTO `items` VALUES (340095, '9转紫色装备5');
INSERT INTO `items` VALUES (340096, '9转紫色装备6');
INSERT INTO `items` VALUES (340097, '9转紫色装备7');
INSERT INTO `items` VALUES (340098, '9转紫色装备8');
INSERT INTO `items` VALUES (340099, '9转紫色装备9');
INSERT INTO `items` VALUES (340100, '10转紫色装备0');
INSERT INTO `items` VALUES (340101, '10转紫色装备1');
INSERT INTO `items` VALUES (340102, '10转紫色装备2');
INSERT INTO `items` VALUES (340103, '10转紫色装备3');
INSERT INTO `items` VALUES (340104, '10转紫色装备4');
INSERT INTO `items` VALUES (340105, '10转紫色装备5');
INSERT INTO `items` VALUES (340106, '10转紫色装备6');
INSERT INTO `items` VALUES (340107, '10转紫色装备7');
INSERT INTO `items` VALUES (340108, '10转紫色装备8');
INSERT INTO `items` VALUES (340109, '10转紫色装备9');
INSERT INTO `items` VALUES (340110, '11转紫色装备0');
INSERT INTO `items` VALUES (340111, '11转紫色装备1');
INSERT INTO `items` VALUES (340112, '11转紫色装备2');
INSERT INTO `items` VALUES (340113, '11转紫色装备3');
INSERT INTO `items` VALUES (340114, '11转紫色装备4');
INSERT INTO `items` VALUES (340115, '11转紫色装备5');
INSERT INTO `items` VALUES (340116, '11转紫色装备6');
INSERT INTO `items` VALUES (340117, '11转紫色装备7');
INSERT INTO `items` VALUES (340118, '11转紫色装备8');
INSERT INTO `items` VALUES (340119, '11转紫色装备9');
INSERT INTO `items` VALUES (340120, '12转紫色装备0');
INSERT INTO `items` VALUES (340121, '12转紫色装备1');
INSERT INTO `items` VALUES (340122, '12转紫色装备2');
INSERT INTO `items` VALUES (340123, '12转紫色装备3');
INSERT INTO `items` VALUES (340124, '12转紫色装备4');
INSERT INTO `items` VALUES (340125, '12转紫色装备5');
INSERT INTO `items` VALUES (340126, '12转紫色装备6');
INSERT INTO `items` VALUES (340127, '12转紫色装备7');
INSERT INTO `items` VALUES (340128, '12转紫色装备8');
INSERT INTO `items` VALUES (340129, '12转紫色装备9');
INSERT INTO `items` VALUES (340130, '13转紫色装备0');
INSERT INTO `items` VALUES (340131, '13转紫色装备1');
INSERT INTO `items` VALUES (340132, '13转紫色装备2');
INSERT INTO `items` VALUES (340133, '13转紫色装备3');
INSERT INTO `items` VALUES (340134, '13转紫色装备4');
INSERT INTO `items` VALUES (340135, '13转紫色装备5');
INSERT INTO `items` VALUES (340136, '13转紫色装备6');
INSERT INTO `items` VALUES (340137, '13转紫色装备7');
INSERT INTO `items` VALUES (340138, '13转紫色装备8');
INSERT INTO `items` VALUES (340139, '13转紫色装备9');
INSERT INTO `items` VALUES (340140, '14转紫色装备0');
INSERT INTO `items` VALUES (340141, '14转紫色装备1');
INSERT INTO `items` VALUES (340142, '14转紫色装备2');
INSERT INTO `items` VALUES (340143, '14转紫色装备3');
INSERT INTO `items` VALUES (340144, '14转紫色装备4');
INSERT INTO `items` VALUES (340145, '14转紫色装备5');
INSERT INTO `items` VALUES (340146, '14转紫色装备6');
INSERT INTO `items` VALUES (340147, '14转紫色装备7');
INSERT INTO `items` VALUES (340148, '14转紫色装备8');
INSERT INTO `items` VALUES (340149, '14转紫色装备9');
INSERT INTO `items` VALUES (340150, '15转紫色装备0');
INSERT INTO `items` VALUES (340151, '15转紫色装备1');
INSERT INTO `items` VALUES (340152, '15转紫色装备2');
INSERT INTO `items` VALUES (340153, '15转紫色装备3');
INSERT INTO `items` VALUES (340154, '15转紫色装备4');
INSERT INTO `items` VALUES (340155, '15转紫色装备5');
INSERT INTO `items` VALUES (340156, '15转紫色装备6');
INSERT INTO `items` VALUES (340157, '15转紫色装备7');
INSERT INTO `items` VALUES (340158, '15转紫色装备8');
INSERT INTO `items` VALUES (340159, '15转紫色装备9');
INSERT INTO `items` VALUES (260010, '//1级橙色装备0');
INSERT INTO `items` VALUES (260011, '//1级橙色装备1');
INSERT INTO `items` VALUES (260012, '//1级橙色装备2');
INSERT INTO `items` VALUES (260013, '//1级橙色装备3');
INSERT INTO `items` VALUES (260014, '//1级橙色装备4');
INSERT INTO `items` VALUES (260015, '//1级橙色装备5');
INSERT INTO `items` VALUES (260016, '//1级橙色装备6');
INSERT INTO `items` VALUES (260017, '//1级橙色装备7');
INSERT INTO `items` VALUES (260018, '//1级橙色装备8');
INSERT INTO `items` VALUES (260019, '//1级橙色装备9');
INSERT INTO `items` VALUES (260200, '20级橙色装备0');
INSERT INTO `items` VALUES (260201, '20级橙色装备1');
INSERT INTO `items` VALUES (260202, '20级橙色装备2');
INSERT INTO `items` VALUES (260203, '20级橙色装备3');
INSERT INTO `items` VALUES (260204, '20级橙色装备4');
INSERT INTO `items` VALUES (260205, '20级橙色装备5');
INSERT INTO `items` VALUES (260206, '20级橙色装备6');
INSERT INTO `items` VALUES (260207, '20级橙色装备7');
INSERT INTO `items` VALUES (260208, '20级橙色装备8');
INSERT INTO `items` VALUES (260209, '20级橙色装备9');
INSERT INTO `items` VALUES (260400, '40级橙色装备0');
INSERT INTO `items` VALUES (260401, '40级橙色装备1');
INSERT INTO `items` VALUES (260402, '40级橙色装备2');
INSERT INTO `items` VALUES (260403, '40级橙色装备3');
INSERT INTO `items` VALUES (260404, '40级橙色装备4');
INSERT INTO `items` VALUES (260405, '40级橙色装备5');
INSERT INTO `items` VALUES (260406, '40级橙色装备6');
INSERT INTO `items` VALUES (260407, '40级橙色装备7');
INSERT INTO `items` VALUES (260408, '40级橙色装备8');
INSERT INTO `items` VALUES (260409, '40级橙色装备9');
INSERT INTO `items` VALUES (260600, '60级橙色装备0');
INSERT INTO `items` VALUES (260601, '60级橙色装备1');
INSERT INTO `items` VALUES (260602, '60级橙色装备2');
INSERT INTO `items` VALUES (260603, '60级橙色装备3');
INSERT INTO `items` VALUES (260604, '60级橙色装备4');
INSERT INTO `items` VALUES (260605, '60级橙色装备5');
INSERT INTO `items` VALUES (260606, '60级橙色装备6');
INSERT INTO `items` VALUES (260607, '60级橙色装备7');
INSERT INTO `items` VALUES (260608, '60级橙色装备8');
INSERT INTO `items` VALUES (260609, '60级橙色装备9');
INSERT INTO `items` VALUES (260800, '80级橙色装备0');
INSERT INTO `items` VALUES (260801, '80级橙色装备1');
INSERT INTO `items` VALUES (260802, '80级橙色装备2');
INSERT INTO `items` VALUES (260803, '80级橙色装备3');
INSERT INTO `items` VALUES (260804, '80级橙色装备4');
INSERT INTO `items` VALUES (260805, '80级橙色装备5');
INSERT INTO `items` VALUES (260806, '80级橙色装备6');
INSERT INTO `items` VALUES (260807, '80级橙色装备7');
INSERT INTO `items` VALUES (260808, '80级橙色装备8');
INSERT INTO `items` VALUES (260809, '80级橙色装备9');
INSERT INTO `items` VALUES (261000, '100级橙色装备0');
INSERT INTO `items` VALUES (261001, '100级橙色装备1');
INSERT INTO `items` VALUES (261002, '100级橙色装备2');
INSERT INTO `items` VALUES (261003, '100级橙色装备3');
INSERT INTO `items` VALUES (261004, '100级橙色装备4');
INSERT INTO `items` VALUES (261005, '100级橙色装备5');
INSERT INTO `items` VALUES (261006, '100级橙色装备6');
INSERT INTO `items` VALUES (261007, '100级橙色装备7');
INSERT INTO `items` VALUES (261008, '100级橙色装备8');
INSERT INTO `items` VALUES (261009, '100级橙色装备9');
INSERT INTO `items` VALUES (360010, '1转橙色装备0');
INSERT INTO `items` VALUES (360011, '1转橙色装备1');
INSERT INTO `items` VALUES (360012, '1转橙色装备2');
INSERT INTO `items` VALUES (360013, '1转橙色装备3');
INSERT INTO `items` VALUES (360014, '1转橙色装备4');
INSERT INTO `items` VALUES (360015, '1转橙色装备5');
INSERT INTO `items` VALUES (360016, '1转橙色装备6');
INSERT INTO `items` VALUES (360017, '1转橙色装备7');
INSERT INTO `items` VALUES (360018, '1转橙色装备8');
INSERT INTO `items` VALUES (360019, '1转橙色装备9');
INSERT INTO `items` VALUES (360020, '2转橙色装备0');
INSERT INTO `items` VALUES (360021, '2转橙色装备1');
INSERT INTO `items` VALUES (360022, '2转橙色装备2');
INSERT INTO `items` VALUES (360023, '2转橙色装备3');
INSERT INTO `items` VALUES (360024, '2转橙色装备4');
INSERT INTO `items` VALUES (360025, '2转橙色装备5');
INSERT INTO `items` VALUES (360026, '2转橙色装备6');
INSERT INTO `items` VALUES (360027, '2转橙色装备7');
INSERT INTO `items` VALUES (360028, '2转橙色装备8');
INSERT INTO `items` VALUES (360029, '2转橙色装备9');
INSERT INTO `items` VALUES (360030, '3转橙色装备0');
INSERT INTO `items` VALUES (360031, '3转橙色装备1');
INSERT INTO `items` VALUES (360032, '3转橙色装备2');
INSERT INTO `items` VALUES (360033, '3转橙色装备3');
INSERT INTO `items` VALUES (360034, '3转橙色装备4');
INSERT INTO `items` VALUES (360035, '3转橙色装备5');
INSERT INTO `items` VALUES (360036, '3转橙色装备6');
INSERT INTO `items` VALUES (360037, '3转橙色装备7');
INSERT INTO `items` VALUES (360038, '3转橙色装备8');
INSERT INTO `items` VALUES (360039, '3转橙色装备9');
INSERT INTO `items` VALUES (360040, '4转橙色装备0');
INSERT INTO `items` VALUES (360041, '4转橙色装备1');
INSERT INTO `items` VALUES (360042, '4转橙色装备2');
INSERT INTO `items` VALUES (360043, '4转橙色装备3');
INSERT INTO `items` VALUES (360044, '4转橙色装备4');
INSERT INTO `items` VALUES (360045, '4转橙色装备5');
INSERT INTO `items` VALUES (360046, '4转橙色装备6');
INSERT INTO `items` VALUES (360047, '4转橙色装备7');
INSERT INTO `items` VALUES (360048, '4转橙色装备8');
INSERT INTO `items` VALUES (360049, '4转橙色装备9');
INSERT INTO `items` VALUES (360050, '5转橙色装备0');
INSERT INTO `items` VALUES (360051, '5转橙色装备1');
INSERT INTO `items` VALUES (360052, '5转橙色装备2');
INSERT INTO `items` VALUES (360053, '5转橙色装备3');
INSERT INTO `items` VALUES (360054, '5转橙色装备4');
INSERT INTO `items` VALUES (360055, '5转橙色装备5');
INSERT INTO `items` VALUES (360056, '5转橙色装备6');
INSERT INTO `items` VALUES (360057, '5转橙色装备7');
INSERT INTO `items` VALUES (360058, '5转橙色装备8');
INSERT INTO `items` VALUES (360059, '5转橙色装备9');
INSERT INTO `items` VALUES (360060, '6转橙色装备0');
INSERT INTO `items` VALUES (360061, '6转橙色装备1');
INSERT INTO `items` VALUES (360062, '6转橙色装备2');
INSERT INTO `items` VALUES (360063, '6转橙色装备3');
INSERT INTO `items` VALUES (360064, '6转橙色装备4');
INSERT INTO `items` VALUES (360065, '6转橙色装备5');
INSERT INTO `items` VALUES (360066, '6转橙色装备6');
INSERT INTO `items` VALUES (360067, '6转橙色装备7');
INSERT INTO `items` VALUES (360068, '6转橙色装备8');
INSERT INTO `items` VALUES (360069, '6转橙色装备9');
INSERT INTO `items` VALUES (360070, '7转橙色装备0');
INSERT INTO `items` VALUES (360071, '7转橙色装备1');
INSERT INTO `items` VALUES (360072, '7转橙色装备2');
INSERT INTO `items` VALUES (360073, '7转橙色装备3');
INSERT INTO `items` VALUES (360074, '7转橙色装备4');
INSERT INTO `items` VALUES (360075, '7转橙色装备5');
INSERT INTO `items` VALUES (360076, '7转橙色装备6');
INSERT INTO `items` VALUES (360077, '7转橙色装备7');
INSERT INTO `items` VALUES (360078, '7转橙色装备8');
INSERT INTO `items` VALUES (360079, '7转橙色装备9');
INSERT INTO `items` VALUES (360080, '8转橙色装备0');
INSERT INTO `items` VALUES (360081, '8转橙色装备1');
INSERT INTO `items` VALUES (360082, '8转橙色装备2');
INSERT INTO `items` VALUES (360083, '8转橙色装备3');
INSERT INTO `items` VALUES (360084, '8转橙色装备4');
INSERT INTO `items` VALUES (360085, '8转橙色装备5');
INSERT INTO `items` VALUES (360086, '8转橙色装备6');
INSERT INTO `items` VALUES (360087, '8转橙色装备7');
INSERT INTO `items` VALUES (360088, '8转橙色装备8');
INSERT INTO `items` VALUES (360089, '8转橙色装备9');
INSERT INTO `items` VALUES (360090, '9转橙色装备0');
INSERT INTO `items` VALUES (360091, '9转橙色装备1');
INSERT INTO `items` VALUES (360092, '9转橙色装备2');
INSERT INTO `items` VALUES (360093, '9转橙色装备3');
INSERT INTO `items` VALUES (360094, '9转橙色装备4');
INSERT INTO `items` VALUES (360095, '9转橙色装备5');
INSERT INTO `items` VALUES (360096, '9转橙色装备6');
INSERT INTO `items` VALUES (360097, '9转橙色装备7');
INSERT INTO `items` VALUES (360098, '9转橙色装备8');
INSERT INTO `items` VALUES (360099, '9转橙色装备9');
INSERT INTO `items` VALUES (360100, '10转橙色装备0');
INSERT INTO `items` VALUES (360101, '10转橙色装备1');
INSERT INTO `items` VALUES (360102, '10转橙色装备2');
INSERT INTO `items` VALUES (360103, '10转橙色装备3');
INSERT INTO `items` VALUES (360104, '10转橙色装备4');
INSERT INTO `items` VALUES (360105, '10转橙色装备5');
INSERT INTO `items` VALUES (360106, '10转橙色装备6');
INSERT INTO `items` VALUES (360107, '10转橙色装备7');
INSERT INTO `items` VALUES (360108, '10转橙色装备8');
INSERT INTO `items` VALUES (360109, '10转橙色装备9');
INSERT INTO `items` VALUES (360110, '11转橙色装备0');
INSERT INTO `items` VALUES (360111, '11转橙色装备1');
INSERT INTO `items` VALUES (360112, '11转橙色装备2');
INSERT INTO `items` VALUES (360113, '11转橙色装备3');
INSERT INTO `items` VALUES (360114, '11转橙色装备4');
INSERT INTO `items` VALUES (360115, '11转橙色装备5');
INSERT INTO `items` VALUES (360116, '11转橙色装备6');
INSERT INTO `items` VALUES (360117, '11转橙色装备7');
INSERT INTO `items` VALUES (360118, '11转橙色装备8');
INSERT INTO `items` VALUES (360119, '11转橙色装备9');
INSERT INTO `items` VALUES (360120, '12转橙色装备0');
INSERT INTO `items` VALUES (360121, '12转橙色装备1');
INSERT INTO `items` VALUES (360122, '12转橙色装备2');
INSERT INTO `items` VALUES (360123, '12转橙色装备3');
INSERT INTO `items` VALUES (360124, '12转橙色装备4');
INSERT INTO `items` VALUES (360125, '12转橙色装备5');
INSERT INTO `items` VALUES (360126, '12转橙色装备6');
INSERT INTO `items` VALUES (360127, '12转橙色装备7');
INSERT INTO `items` VALUES (360128, '12转橙色装备8');
INSERT INTO `items` VALUES (360129, '12转橙色装备9');
INSERT INTO `items` VALUES (360130, '13转橙色装备0');
INSERT INTO `items` VALUES (360131, '13转橙色装备1');
INSERT INTO `items` VALUES (360132, '13转橙色装备2');
INSERT INTO `items` VALUES (360133, '13转橙色装备3');
INSERT INTO `items` VALUES (360134, '13转橙色装备4');
INSERT INTO `items` VALUES (360135, '13转橙色装备5');
INSERT INTO `items` VALUES (360136, '13转橙色装备6');
INSERT INTO `items` VALUES (360137, '13转橙色装备7');
INSERT INTO `items` VALUES (360138, '13转橙色装备8');
INSERT INTO `items` VALUES (360139, '13转橙色装备9');
INSERT INTO `items` VALUES (360140, '14转橙色装备0');
INSERT INTO `items` VALUES (360141, '14转橙色装备1');
INSERT INTO `items` VALUES (360142, '14转橙色装备2');
INSERT INTO `items` VALUES (360143, '14转橙色装备3');
INSERT INTO `items` VALUES (360144, '14转橙色装备4');
INSERT INTO `items` VALUES (360145, '14转橙色装备5');
INSERT INTO `items` VALUES (360146, '14转橙色装备6');
INSERT INTO `items` VALUES (360147, '14转橙色装备7');
INSERT INTO `items` VALUES (360148, '14转橙色装备8');
INSERT INTO `items` VALUES (360149, '14转橙色装备9');
INSERT INTO `items` VALUES (360150, '15转橙色装备0');
INSERT INTO `items` VALUES (360151, '15转橙色装备1');
INSERT INTO `items` VALUES (360152, '15转橙色装备2');
INSERT INTO `items` VALUES (360153, '15转橙色装备3');
INSERT INTO `items` VALUES (360154, '15转橙色装备4');
INSERT INTO `items` VALUES (360155, '15转橙色装备5');
INSERT INTO `items` VALUES (360156, '15转橙色装备6');
INSERT INTO `items` VALUES (360157, '15转橙色装备7');
INSERT INTO `items` VALUES (360158, '15转橙色装备8');
INSERT INTO `items` VALUES (360159, '15转橙色装备9');
INSERT INTO `items` VALUES (270010, '//1级红色装备0');
INSERT INTO `items` VALUES (270011, '//1级红色装备1');
INSERT INTO `items` VALUES (270012, '//1级红色装备2');
INSERT INTO `items` VALUES (270013, '//1级红色装备3');
INSERT INTO `items` VALUES (270014, '//1级红色装备4');
INSERT INTO `items` VALUES (270015, '//1级红色装备5');
INSERT INTO `items` VALUES (270016, '//1级红色装备6');
INSERT INTO `items` VALUES (270017, '//1级红色装备7');
INSERT INTO `items` VALUES (270018, '//1级红色装备8');
INSERT INTO `items` VALUES (270019, '//1级红色装备9');
INSERT INTO `items` VALUES (270200, '//20级红色装备0');
INSERT INTO `items` VALUES (270201, '//20级红色装备1');
INSERT INTO `items` VALUES (270202, '//20级红色装备2');
INSERT INTO `items` VALUES (270203, '//20级红色装备3');
INSERT INTO `items` VALUES (270204, '//20级红色装备4');
INSERT INTO `items` VALUES (270205, '//20级红色装备5');
INSERT INTO `items` VALUES (270206, '//20级红色装备6');
INSERT INTO `items` VALUES (270207, '//20级红色装备7');
INSERT INTO `items` VALUES (270208, '//20级红色装备8');
INSERT INTO `items` VALUES (270209, '//20级红色装备9');
INSERT INTO `items` VALUES (270400, '//40级红色装备0');
INSERT INTO `items` VALUES (270401, '//40级红色装备1');
INSERT INTO `items` VALUES (270402, '//40级红色装备2');
INSERT INTO `items` VALUES (270403, '//40级红色装备3');
INSERT INTO `items` VALUES (270404, '//40级红色装备4');
INSERT INTO `items` VALUES (270405, '//40级红色装备5');
INSERT INTO `items` VALUES (270406, '//40级红色装备6');
INSERT INTO `items` VALUES (270407, '//40级红色装备7');
INSERT INTO `items` VALUES (270408, '//40级红色装备8');
INSERT INTO `items` VALUES (270409, '//40级红色装备9');
INSERT INTO `items` VALUES (270600, '//60级红色装备0');
INSERT INTO `items` VALUES (270601, '//60级红色装备1');
INSERT INTO `items` VALUES (270602, '//60级红色装备2');
INSERT INTO `items` VALUES (270603, '//60级红色装备3');
INSERT INTO `items` VALUES (270604, '//60级红色装备4');
INSERT INTO `items` VALUES (270605, '//60级红色装备5');
INSERT INTO `items` VALUES (270606, '//60级红色装备6');
INSERT INTO `items` VALUES (270607, '//60级红色装备7');
INSERT INTO `items` VALUES (270608, '//60级红色装备8');
INSERT INTO `items` VALUES (270609, '//60级红色装备9');
INSERT INTO `items` VALUES (270800, '//80级红色装备0');
INSERT INTO `items` VALUES (270801, '//80级红色装备1');
INSERT INTO `items` VALUES (270802, '//80级红色装备2');
INSERT INTO `items` VALUES (270803, '//80级红色装备3');
INSERT INTO `items` VALUES (270804, '//80级红色装备4');
INSERT INTO `items` VALUES (270805, '//80级红色装备5');
INSERT INTO `items` VALUES (270806, '//80级红色装备6');
INSERT INTO `items` VALUES (270807, '//80级红色装备7');
INSERT INTO `items` VALUES (270808, '//80级红色装备8');
INSERT INTO `items` VALUES (270809, '//80级红色装备9');
INSERT INTO `items` VALUES (271000, '//100级红色装备0');
INSERT INTO `items` VALUES (271001, '//100级红色装备1');
INSERT INTO `items` VALUES (271002, '//100级红色装备2');
INSERT INTO `items` VALUES (271003, '//100级红色装备3');
INSERT INTO `items` VALUES (271004, '//100级红色装备4');
INSERT INTO `items` VALUES (271005, '//100级红色装备5');
INSERT INTO `items` VALUES (271006, '//100级红色装备6');
INSERT INTO `items` VALUES (271007, '//100级红色装备7');
INSERT INTO `items` VALUES (271008, '//100级红色装备8');
INSERT INTO `items` VALUES (271009, '//100级红色装备9');
INSERT INTO `items` VALUES (370010, '//1转红色装备0');
INSERT INTO `items` VALUES (370011, '//1转红色装备1');
INSERT INTO `items` VALUES (370012, '//1转红色装备2');
INSERT INTO `items` VALUES (370013, '//1转红色装备3');
INSERT INTO `items` VALUES (370014, '//1转红色装备4');
INSERT INTO `items` VALUES (370015, '//1转红色装备5');
INSERT INTO `items` VALUES (370016, '//1转红色装备6');
INSERT INTO `items` VALUES (370017, '//1转红色装备7');
INSERT INTO `items` VALUES (370018, '//1转红色装备8');
INSERT INTO `items` VALUES (370019, '//1转红色装备9');
INSERT INTO `items` VALUES (370020, '//2转红色装备0');
INSERT INTO `items` VALUES (370021, '//2转红色装备1');
INSERT INTO `items` VALUES (370022, '//2转红色装备2');
INSERT INTO `items` VALUES (370023, '//2转红色装备3');
INSERT INTO `items` VALUES (370024, '//2转红色装备4');
INSERT INTO `items` VALUES (370025, '//2转红色装备5');
INSERT INTO `items` VALUES (370026, '//2转红色装备6');
INSERT INTO `items` VALUES (370027, '//2转红色装备7');
INSERT INTO `items` VALUES (370028, '//2转红色装备8');
INSERT INTO `items` VALUES (370029, '//2转红色装备9');
INSERT INTO `items` VALUES (370030, '3转红色装备0');
INSERT INTO `items` VALUES (370031, '3转红色装备1');
INSERT INTO `items` VALUES (370032, '3转红色装备2');
INSERT INTO `items` VALUES (370033, '3转红色装备3');
INSERT INTO `items` VALUES (370034, '3转红色装备4');
INSERT INTO `items` VALUES (370035, '3转红色装备5');
INSERT INTO `items` VALUES (370036, '3转红色装备6');
INSERT INTO `items` VALUES (370037, '3转红色装备7');
INSERT INTO `items` VALUES (370038, '3转红色装备8');
INSERT INTO `items` VALUES (370039, '3转红色装备9');
INSERT INTO `items` VALUES (370040, '//4转红色装备0');
INSERT INTO `items` VALUES (370041, '//4转红色装备1');
INSERT INTO `items` VALUES (370042, '//4转红色装备2');
INSERT INTO `items` VALUES (370043, '//4转红色装备3');
INSERT INTO `items` VALUES (370044, '//4转红色装备4');
INSERT INTO `items` VALUES (370045, '//4转红色装备5');
INSERT INTO `items` VALUES (370046, '//4转红色装备6');
INSERT INTO `items` VALUES (370047, '//4转红色装备7');
INSERT INTO `items` VALUES (370048, '//4转红色装备8');
INSERT INTO `items` VALUES (370049, '//4转红色装备9');
INSERT INTO `items` VALUES (370050, '5转红色装备0');
INSERT INTO `items` VALUES (370051, '5转红色装备1');
INSERT INTO `items` VALUES (370052, '5转红色装备2');
INSERT INTO `items` VALUES (370053, '5转红色装备3');
INSERT INTO `items` VALUES (370054, '5转红色装备4');
INSERT INTO `items` VALUES (370055, '5转红色装备5');
INSERT INTO `items` VALUES (370056, '5转红色装备6');
INSERT INTO `items` VALUES (370057, '5转红色装备7');
INSERT INTO `items` VALUES (370058, '5转红色装备8');
INSERT INTO `items` VALUES (370059, '5转红色装备9');
INSERT INTO `items` VALUES (370060, '//6转红色装备0');
INSERT INTO `items` VALUES (370061, '//6转红色装备1');
INSERT INTO `items` VALUES (370062, '//6转红色装备2');
INSERT INTO `items` VALUES (370063, '//6转红色装备3');
INSERT INTO `items` VALUES (370064, '//6转红色装备4');
INSERT INTO `items` VALUES (370065, '//6转红色装备5');
INSERT INTO `items` VALUES (370066, '//6转红色装备6');
INSERT INTO `items` VALUES (370067, '//6转红色装备7');
INSERT INTO `items` VALUES (370068, '//6转红色装备8');
INSERT INTO `items` VALUES (370069, '//6转红色装备9');
INSERT INTO `items` VALUES (370070, '7转红色装备0');
INSERT INTO `items` VALUES (370071, '7转红色装备1');
INSERT INTO `items` VALUES (370072, '7转红色装备2');
INSERT INTO `items` VALUES (370073, '7转红色装备3');
INSERT INTO `items` VALUES (370074, '7转红色装备4');
INSERT INTO `items` VALUES (370075, '7转红色装备5');
INSERT INTO `items` VALUES (370076, '7转红色装备6');
INSERT INTO `items` VALUES (370077, '7转红色装备7');
INSERT INTO `items` VALUES (370078, '7转红色装备8');
INSERT INTO `items` VALUES (370079, '7转红色装备9');
INSERT INTO `items` VALUES (370080, '//8转红色装备0');
INSERT INTO `items` VALUES (370081, '//8转红色装备1');
INSERT INTO `items` VALUES (370082, '//8转红色装备2');
INSERT INTO `items` VALUES (370083, '//8转红色装备3');
INSERT INTO `items` VALUES (370084, '//8转红色装备4');
INSERT INTO `items` VALUES (370085, '//8转红色装备5');
INSERT INTO `items` VALUES (370086, '//8转红色装备6');
INSERT INTO `items` VALUES (370087, '//8转红色装备7');
INSERT INTO `items` VALUES (370088, '//8转红色装备8');
INSERT INTO `items` VALUES (370089, '//8转红色装备9');
INSERT INTO `items` VALUES (370090, '9转红色装备0');
INSERT INTO `items` VALUES (370091, '9转红色装备1');
INSERT INTO `items` VALUES (370092, '9转红色装备2');
INSERT INTO `items` VALUES (370093, '9转红色装备3');
INSERT INTO `items` VALUES (370094, '9转红色装备4');
INSERT INTO `items` VALUES (370095, '9转红色装备5');
INSERT INTO `items` VALUES (370096, '9转红色装备6');
INSERT INTO `items` VALUES (370097, '9转红色装备7');
INSERT INTO `items` VALUES (370098, '9转红色装备8');
INSERT INTO `items` VALUES (370099, '9转红色装备9');
INSERT INTO `items` VALUES (370100, '//10转红色装备0');
INSERT INTO `items` VALUES (370101, '//10转红色装备1');
INSERT INTO `items` VALUES (370102, '//10转红色装备2');
INSERT INTO `items` VALUES (370103, '//10转红色装备3');
INSERT INTO `items` VALUES (370104, '//10转红色装备4');
INSERT INTO `items` VALUES (370105, '//10转红色装备5');
INSERT INTO `items` VALUES (370106, '//10转红色装备6');
INSERT INTO `items` VALUES (370107, '//10转红色装备7');
INSERT INTO `items` VALUES (370108, '//10转红色装备8');
INSERT INTO `items` VALUES (370109, '//10转红色装备9');
INSERT INTO `items` VALUES (370110, '11转红色装备0');
INSERT INTO `items` VALUES (370111, '11转红色装备1');
INSERT INTO `items` VALUES (370112, '11转红色装备2');
INSERT INTO `items` VALUES (370113, '11转红色装备3');
INSERT INTO `items` VALUES (370114, '11转红色装备4');
INSERT INTO `items` VALUES (370115, '11转红色装备5');
INSERT INTO `items` VALUES (370116, '11转红色装备6');
INSERT INTO `items` VALUES (370117, '11转红色装备7');
INSERT INTO `items` VALUES (370118, '11转红色装备8');
INSERT INTO `items` VALUES (370119, '11转红色装备9');
INSERT INTO `items` VALUES (370120, '//12转红色装备0');
INSERT INTO `items` VALUES (370121, '//12转红色装备1');
INSERT INTO `items` VALUES (370122, '//12转红色装备2');
INSERT INTO `items` VALUES (370123, '//12转红色装备3');
INSERT INTO `items` VALUES (370124, '//12转红色装备4');
INSERT INTO `items` VALUES (370125, '//12转红色装备5');
INSERT INTO `items` VALUES (370126, '//12转红色装备6');
INSERT INTO `items` VALUES (370127, '//12转红色装备7');
INSERT INTO `items` VALUES (370128, '//12转红色装备8');
INSERT INTO `items` VALUES (370129, '//12转红色装备9');
INSERT INTO `items` VALUES (370130, '13转红色装备0');
INSERT INTO `items` VALUES (370131, '13转红色装备1');
INSERT INTO `items` VALUES (370132, '13转红色装备2');
INSERT INTO `items` VALUES (370133, '13转红色装备3');
INSERT INTO `items` VALUES (370134, '13转红色装备4');
INSERT INTO `items` VALUES (370135, '13转红色装备5');
INSERT INTO `items` VALUES (370136, '13转红色装备6');
INSERT INTO `items` VALUES (370137, '13转红色装备7');
INSERT INTO `items` VALUES (370138, '13转红色装备8');
INSERT INTO `items` VALUES (370139, '13转红色装备9');
INSERT INTO `items` VALUES (370140, '//14转红色装备0');
INSERT INTO `items` VALUES (370141, '//14转红色装备1');
INSERT INTO `items` VALUES (370142, '//14转红色装备2');
INSERT INTO `items` VALUES (370143, '//14转红色装备3');
INSERT INTO `items` VALUES (370144, '//14转红色装备4');
INSERT INTO `items` VALUES (370145, '//14转红色装备5');
INSERT INTO `items` VALUES (370146, '//14转红色装备6');
INSERT INTO `items` VALUES (370147, '//14转红色装备7');
INSERT INTO `items` VALUES (370148, '//14转红色装备8');
INSERT INTO `items` VALUES (370149, '//14转红色装备9');
INSERT INTO `items` VALUES (370150, '15转红色装备0');
INSERT INTO `items` VALUES (370151, '15转红色装备1');
INSERT INTO `items` VALUES (370152, '15转红色装备2');
INSERT INTO `items` VALUES (370153, '15转红色装备3');
INSERT INTO `items` VALUES (370154, '15转红色装备4');
INSERT INTO `items` VALUES (370155, '15转红色装备5');
INSERT INTO `items` VALUES (370156, '15转红色装备6');
INSERT INTO `items` VALUES (370157, '15转红色装备7');
INSERT INTO `items` VALUES (370158, '15转红色装备8');
INSERT INTO `items` VALUES (370159, '15转红色装备9');

INSERT INTO `items` VALUES (510000, '大葱');
INSERT INTO `items` VALUES (510001, '米酒（土豆）');
INSERT INTO `items` VALUES (510002, '豆品（花生）');
INSERT INTO `items` VALUES (510003, '鱼肉（白菜）');
INSERT INTO `items` VALUES (510004, '大蒜');
INSERT INTO `items` VALUES (510005, '糯米（生姜）');
INSERT INTO `items` VALUES (510006, '桂皮');
INSERT INTO `items` VALUES (510007, '蒜泥');
INSERT INTO `items` VALUES (510008, '姜茸');
INSERT INTO `items` VALUES (510009, '斋料（里脊）');
INSERT INTO `items` VALUES (510010, '荤油（桂鱼）');
INSERT INTO `items` VALUES (510011, '糖料（牛肉）');
INSERT INTO `items` VALUES (510012, '素油（鸽子）');
INSERT INTO `items` VALUES (510013, '干料（羊肉）');
INSERT INTO `items` VALUES (510014, '血枣（鱼翅）');
INSERT INTO `items` VALUES (510015, '云菇（海参）');
INSERT INTO `items` VALUES (510016, '羊羔肉（鲍鱼）');
INSERT INTO `items` VALUES (520000, '天王保命丹');
INSERT INTO `items` VALUES (520001, '女儿红（炝土豆丝）');
INSERT INTO `items` VALUES (520002, '状元红（土豆炖牛肉）');
INSERT INTO `items` VALUES (520003, '神酒（牛肉鱼翅羹）');
INSERT INTO `items` VALUES (520004, '一品豆腐（爆炒里脊）');
INSERT INTO `items` VALUES (520005, '鸳鸯卷（宫保鸡丁）');
INSERT INTO `items` VALUES (520006, '罗汉斋（乌龙入海）');
INSERT INTO `items` VALUES (520007, '水煮鱼（水煮鱼）');
INSERT INTO `items` VALUES (520008, '芝麻鱼（三鲜汤）');
INSERT INTO `items` VALUES (520009, '烤全羊（白玉三鲜汤）');
INSERT INTO `items` VALUES (510076, '藏宝图');
INSERT INTO `items` VALUES (510077, '中级藏宝图');
INSERT INTO `items` VALUES (510078, '高级藏宝图');
INSERT INTO `items` VALUES (700000, '乾坤图录（被动绝技）');
INSERT INTO `items` VALUES (700001, '不生不灭（被动绝技）');
INSERT INTO `items` VALUES (880001, '豪侠披风');
INSERT INTO `items` VALUES (880002, '五彩仙鹤');
INSERT INTO `items` VALUES (880019, '精炼攻击丹（庚金石）');
INSERT INTO `items` VALUES (880020, '精炼气血丹（甲木石）');
INSERT INTO `items` VALUES (880021, '精炼防御丹（戊土石）');
INSERT INTO `items` VALUES (880022, '连开礼包1');
INSERT INTO `items` VALUES (880023, '连开礼包2');
INSERT INTO `items` VALUES (880024, '时装元宝连开1');
INSERT INTO `items` VALUES (880025, '时装元宝连开2');
INSERT INTO `items` VALUES (880026, '披风元宝连开1');
INSERT INTO `items` VALUES (880027, '披风元宝连开2');
INSERT INTO `items` VALUES (880028, '发型元宝连开1');
INSERT INTO `items` VALUES (880029, '发型元宝连开2');
INSERT INTO `items` VALUES (880030, '挂件元宝连开1');
INSERT INTO `items` VALUES (880031, '挂件元宝连开2');
INSERT INTO `items` VALUES (880032, '轻功元宝连开1');
INSERT INTO `items` VALUES (880033, '轻功元宝连开2');
INSERT INTO `items` VALUES (880034, '奇门元宝连开1');
INSERT INTO `items` VALUES (880035, '奇门元宝连开2');
INSERT INTO `items` VALUES (880036, '凝神元宝连开1');
INSERT INTO `items` VALUES (880037, '凝神元宝连开2');
INSERT INTO `items` VALUES (880038, '装备1绑元连开1');
INSERT INTO `items` VALUES (880039, '装备1绑元连开2');
INSERT INTO `items` VALUES (880040, '装备2绑元连开1');
INSERT INTO `items` VALUES (880041, '装备2绑元连开2');
INSERT INTO `items` VALUES (880042, '坐骑绑元连开1');
INSERT INTO `items` VALUES (880043, '坐骑绑元连开2');
INSERT INTO `items` VALUES (880044, '宠物绑元连开1');
INSERT INTO `items` VALUES (880045, '宠物绑元连开2');
INSERT INTO `items` VALUES (880046, '经验卡绑元连开1');
INSERT INTO `items` VALUES (880047, '经验卡绑元连开2');
INSERT INTO `items` VALUES (880048, '宝石绑元连开1');
INSERT INTO `items` VALUES (880049, '宝石绑元连开2');
INSERT INTO `items` VALUES (880064, '绿色招式礼包');
INSERT INTO `items` VALUES (880065, '蓝色招式礼包');
INSERT INTO `items` VALUES (880066, '紫色招式礼包');
INSERT INTO `items` VALUES (880067, '金色招式礼包');
INSERT INTO `items` VALUES (880068, '橙色招式礼包');
INSERT INTO `items` VALUES (880127, '红色招式礼包');
INSERT INTO `items` VALUES (880128, '红色招式随机礼包（运营需求）');
INSERT INTO `items` VALUES (881000, '多选一测试礼包');
INSERT INTO `items` VALUES (881001, '多选一凤羽礼包');
INSERT INTO `items` VALUES (881002, '碧月青弘觉醒礼包');
INSERT INTO `items` VALUES (881003, '凤羽礼包');
INSERT INTO `items` VALUES (881004, '天风宵灵觉醒礼包');
INSERT INTO `items` VALUES (881005, '血影妖刀觉醒礼包');
INSERT INTO `items` VALUES (881006, '天风宵灵信物礼包');

INSERT INTO `items` VALUES (1000018, '侠骨令');
INSERT INTO `items` VALUES (1000019, '豪侠令');
INSERT INTO `items` VALUES (1000020, '盟主令');
INSERT INTO `items` VALUES (1000021, '至尊令');



-- ----------------------------
-- Table structure for `operate_log`
-- ----------------------------
DROP TABLE IF EXISTS `operate_log`;
CREATE TABLE `operate_log` (
  `id` int(11) NOT NULL AUTO_INCREMENT,
  `operate_user` varchar(32) NOT NULL,
  `operate` varchar(64) NOT NULL,
  `operate_value` text,
  `operate_time` datetime DEFAULT NULL,
  PRIMARY KEY (`id`)
) ENGINE=MyISAM AUTO_INCREMENT=3937 DEFAULT CHARSET=utf8;

-- ----------------------------
-- Records of operate_log
-- ----------------------------

-- ----------------------------
-- Table structure for `user_info`
-- ----------------------------
DROP TABLE IF EXISTS `user_info`;
CREATE TABLE `user_info` (
  `id` int(11) NOT NULL AUTO_INCREMENT,
  `user_name` varchar(32) DEFAULT NULL,
  `password` varchar(64) DEFAULT NULL,
  `isadmin` tinyint(4) DEFAULT NULL,
  `create_time` datetime DEFAULT NULL,
  PRIMARY KEY (`id`)
) ENGINE=MyISAM AUTO_INCREMENT=4 DEFAULT CHARSET=utf8;

-- ----------------------------
-- Records of user_info
-- ----------------------------
INSERT INTO `user_info` VALUES ('1', 'admin', '21232f297a57a5a743894a0e4a801fc3', '1', '2016-03-11 15:26:13');
INSERT INTO `user_info` VALUES ('2', 'gmtools', '761c9a3e1ea172b83a8b0ec5fc187682', '0', '2016-11-04 11:02:28');
INSERT INTO `user_info` VALUES ('3', 'kefu', '0444e11e0501438bda1af664f36974de', '2', '2016-11-21 16:51:52');
